 12.28 RSA verify
 12.98 rsa-verify pass (0x0)
 12.31 MBR: 0x00000000,       0 type: 0x00
 12.31 MBR: 0x00000000,       0 type: 0x00
 12.31 MBR: 0x00000000,       0 type: 0x00
 12.32 MBR: 0x00000000,       0 type: 0x00
 12.25 Trying partition: 0
 12.27 type: 16 lba: 0 'mkfs.fat' '  V       ^ ' clusters 56373 (1)
 12.33 rsc 1 fat-sectors 221 root dir cluster 1 sectors 2 entries 32
 12.33 FAT16 clusters 56373
 12.43 Read config.txt bytes     2774 hnd 0xd674
 12.47 usb_max_current_enable default 0 max-current 3000
 12.52 Read bcm2712-rpi-5-b.dtb bytes    81203 hnd 0xd5d3
 12.35 dt-match: compatible: raspberrypi,5-model-b match: brcm,bcm2712
 12.36 dt-match: compatible: brcm,bcm2712 match: brcm,bcm2712
 12.78 Selecting USB low current limit
 12.38 MESS:00:00:12.381372:0: *** Restart logging
 12.83 Read /config.txt bytes     2774 hnd 0xd674
 12.38 MESS:00:00:12.388489:0: board: boardrev a04171 otp a04171
 12.93 Read /config.txt bytes     2774 hnd 0xd674
 12.40 MESS:00:00:12.401546:0: Initial voltage 800000 temp 31235
 12.60 MESS:00:00:12.601603:0: avs_2712: AVS pred 8574 857400 temp 31235
 12.60 MESS:00:00:12.605209:0: vpred 857 mV +0
 12.60 MESS:00:00:12.609404:0: over-voltage idle: 0 avs: 97400 delta: 0 (0x00000000)
 12.62 MESS:00:00:12.620487:0: FB framebuffer_swap 1
 12.63 MESS:00:00:12.634809:0: Select resolution HDMI0/2 hotplug 0 max_mode 2
 12.63 MESS:00:00:12.638851:0: Select resolution HDMI1/2 hotplug 0 max_mode 2
 12.64 MESS:00:00:12.645856:0: dtb_file 'bcm2712-rpi-5-b.dtb'
 12.65 Loading 'bcm2712-rpi-5-b.dtb' to 0x00000000 offset 0x100
 12.57 Read bcm2712-rpi-5-b.dtb bytes    81203 hnd 0xd5d3
 12.74 Read /overlays/overlay_map.dtb bytes     5451 hnd 0xdc24
 12.79 Read /overlays/bcm2712d0.dtbo bytes     1507 hnd 0xdc34
 12.69 MESS:00:00:12.694967:0: Loaded overlay 'bcm2712d0'
 12.73 PCIEx1: PWR 0 DET_WAKE 0
 12.47 Read /config.txt bytes     2774 hnd 0xd674
 12.74 [ramdisk] /overlays/vc4-kms-v3d-pi5.dtbo not found
 12.58  /overlays/vc4-kms-v3d-pi5.dtbo 
 12.75 MESS:00:00:12.759281:0: dtparam: spi=on
 12.70 Read /overlays/letstrust-tpm.dtbo bytes      775 hnd 0xdc32
 12.77 MESS:00:00:12.779861:0: Loaded overlay 'letstrust-tpm'
 12.99 Read /overlays/letstrust-tpm-uboot.dtbo bytes     1099 hnd 0xdc2f
 12.80 MESS:00:00:12.807500:0: Loaded overlay 'letstrust-tpm-uboot'
 12.73 Read /cmdline.txt bytes      327 hnd 0xd673
 12.87 MESS:00:00:12.875205:0: Read command line from file 'cmdline.txt':
 12.88 MESS:00:00:12.881716:0: 'dwc_otg.lpm_enable=0 dm-mod.create="vroot,,,ro,0 630784 verity 1 @ROOTDEV@ @ROOTDEV@ 4096 4096 78848 78849 sha256 0210f085381cd853e873b54834c9a9b7ebb453397703390fb044dcf0d764b199 155097cdcf4de0877ba1a937f5e3732046c1aea865594ac9
 13.01 MESS:00:00:13.011644:0: RPM 0, max RPM 0
 13.03 BMD "armstub8-2712.bin" not found
 13.31 fs_open: 'armstub8-2712.bin' 
 13.03 Loading 'kernel_2712.img' to 0x00000000 offset 0x200000
 13.45 Read kernel_2712.img bytes   738792 hnd 0xd680
 13.04 MESS:00:00:13.047731:0: Device tree loaded to 0x2efeb800 (size 0x1470b)
 13.05 PCI1 reset
 13.06 PCI2 reset
 13.07 set_reboot_order 0
 13.07 set_reboot_arg1 0
 13.07 USB-OTG disconnect
 13.11 MESS:00:00:13.117666:0: Watchdog stopped
 13.11 MESS:00:00:13.119079:0: Starting OS 13119 ms
 13.12 MESS:00:00:13.127544:0: 00000040: -> 00000480
 13.12 MESS:00:00:13.129393:0: 00000030: -> 00100080
 13.13 MESS:00:00:13.134106:0: 00000034: -> 00100080
 13.13 MESS:00:00:13.138819:0: 00000038: -> 00100080
 13.14 MESS:00:00:13.143531:0: 0000003c: -> 00100080

NOTICE:  BL31: v2.6(release):v2.6-240-gfc45bc492
NOTICE:  BL31: Built : 12:55:13, Dec  4 2024


U-Boot 2024.04 (Sep 26 2026 - 13:18:27 +0000)

DRAM:  1020 MiB
RPI 5 Model B (0xa04171)
Core:  53 devices, 17 uclasses, devicetree: board
MMC:   mmc@fff000: 0, mmc@1100000: 1
Loading Environment from nowhere... OK
PCIe BRCM: link up, 5.0 Gbps x4 (!SSC)
In:    serial,usbkbd
Out:   serial,vidconsole
Err:   serial,vidconsole
Net:   eth0: ethernet@100000
[?25h
starting USB...
No working controllers found
rpi_bootpart=1
28977664 bytes read in 1207 ms (22.9 MiB/s)
Created "bi"
Block 0x0+0xdd15 mapped to 0x20000000
28025344 bytes read in 5 ms (5.2 GiB/s)
Working FDT set to 2efeb800
Moving Image from 0x80000 to 0x200000, end=1e10000
## Flattened Device Tree blob at 2efeb800
   Booting using the fdt blob at 0x2efeb800
Working FDT set to 2efeb800
[MBOOT] bootm_measure: enter (os.os=5)
[MBOOT] bootm_measure: CONFIG_MEASURED_BOOT active
[MBOOT] tcg2_measurement_init: enter (ignore_existing_log=0, elog->log_size=65536)
[MBOOT] tpm2_auto_start: self_test
[MBOOT] tpm2_auto_start: self_test rc=256
[MBOOT] tpm2_auto_start: TPM not started, issuing Startup(CLEAR)
[MBOOT] tpm2_auto_start: post-startup self_test rc=0
[MBOOT] tcg2_log_prepare_buffer: enter (ignore=0, elog->log_size=65536)
[MBOOT] tcg2_log_prepare_buffer: no DT log found rc=-19
[MBOOT] tcg2_log_prepare_buffer: initializing fresh log (size=65536)
[MBOOT] tcg2_log_prepare_buffer: exit rc=0 (log=000000003f750810, size=65536, pos=65, found=0)
[MBOOT] tcg2_measurement_init: log ready (log=000000003f750810, log_size=65536, log_pos=65, found=0)
[MBOOT] tcg2_measurement_init: measuring S-CRTM version -> PCR 0
[MBOOT] tcg2_measure_data: PCR 0, event_type=0x8, data=0000000000000000, data_size=0, event_size=46
[MBOOT] tcg2_measure_data: PCR 0 extended OK
[MBOOT] tcg2_measurement_init: complete OK
[MBOOT] bootm_measure: measuring kernel -> PCR 8 (start=0x200000, len=0x1aba200)
[MBOOT] tcg2_measure_data: PCR 8, event_type=0xc, data=0000000000200000, data_size=28025344, event_size=6
[MBOOT] tcg2_measure_data: PCR 8 extended OK
[MBOOT] bootm_measure: measuring initrd -> PCR 9 (rd_start=0x0, rd_len=0x0)
[MBOOT] tcg2_measure_data: PCR 9, event_type=0xc, data=0000000000000000, data_size=0, event_size=7
[MBOOT] tcg2_measure_data: PCR 9 extended OK
[MBOOT] bootm_measure: measuring DTB -> PCR 0 (ft_addr=000000002efeb800, ft_len=0x1470b)
[MBOOT] dtb_sanitize: canonical DTB digest 7efa9133... -> PCR 0
[MBOOT] tcg2_measure_data: PCR 0, event_type=0xb, data=000000003f706d78, data_size=32, event_size=4
[MBOOT] tcg2_measure_data: PCR 0 extended OK
[AB] firmware booted from partition 1 -> root /dev/mmcblk0p3
[AB] firmware booted from partition 1 -> root /dev/mmcblk0p3
[MBOOT] bootm_measure: measuring kernel cmdline -> PCR 1 (len=694, source=env)
[MBOOT] tcg2_measure_data: PCR 1, event_type=0xa, data=000000003fbd45ec, data_size=695, event_size=695
[MBOOT] tcg2_measure_data: PCR 1 extended OK
[MBOOT] bootm_measure: calling measurement_term (error=0)
[MBOOT] tcg2_measurement_term: extending separators PCR 0-7 (error=0, separator=0xffffffff)
[MBOOT] tcg2_measure_data: PCR 0, event_type=0x4, data=0000000000000000, data_size=0, event_size=4
[MBOOT] tcg2_measure_data: PCR 0 extended OK
[MBOOT] tcg2_measure_data: PCR 1, event_type=0x4, data=0000000000000000, data_size=0, event_size=4
[MBOOT] tcg2_measure_data: PCR 1 extended OK
[MBOOT] tcg2_measure_data: PCR 2, event_type=0x4, data=0000000000000000, data_size=0, event_size=4
[MBOOT] tcg2_measure_data: PCR 2 extended OK
[MBOOT] tcg2_measure_data: PCR 3, event_type=0x4, data=0000000000000000, data_size=0, event_size=4
[MBOOT] tcg2_measure_data: PCR 3 extended OK
[MBOOT] tcg2_measure_data: PCR 4, event_type=0x4, data=0000000000000000, data_size=0, event_size=4
[MBOOT] tcg2_measure_data: PCR 4 extended OK
[MBOOT] tcg2_measure_data: PCR 5, event_type=0x4, data=0000000000000000, data_size=0, event_size=4
[MBOOT] tcg2_measure_data: PCR 5 extended OK
[MBOOT] tcg2_measure_data: PCR 6, event_type=0x4, data=0000000000000000, data_size=0, event_size=4
[MBOOT] tcg2_measure_data: PCR 6 extended OK
[MBOOT] tcg2_measure_data: PCR 7, event_type=0x4, data=0000000000000000, data_size=0, event_size=4
[MBOOT] tcg2_measure_data: PCR 7 extended OK
[MBOOT] bootm_measure: NV-committing PCR composite
[MBOOT] NV commit OK (PCR composite 0727d67a...)
[MBOOT] scrub: /chosen/rpi-duid removed from the OS devicetree
[MBOOT] bootm_measure: exit ret=0
   Using Device Tree in place at 000000002efeb800, end 000000002f002f0a
Working FDT set to 2efeb800
[AB] firmware booted from partition 1 -> root /dev/mmcblk0p3
mbox: Header response code invalid
[FACTORY] firmware key slot blank: factory image allowed

Starting kernel ...

[    0.000000] Booting Linux on physical CPU 0x0000000000 [0x414fd0b1]
[    0.000000] Linux version 6.6.63-v8-16k (oe-user@oe-host) (aarch64-poky-linux-gcc (GCC) 13.4.0, GNU ld (GNU Binutils) 2.42.0.20240723) #1 SMP PREEMPT Fri Dec  6 10:10:05 UTC 2024
[    0.000000] KASLR enabled
[    0.000000] random: crng init done
[    0.000000] Machine model: Raspberry Pi 5 Model B Rev 1.1
[    0.000000] efi: UEFI not found.
[    0.000000] Reserved memory: created CMA memory pool at 0x0000000002000000, size 64 MiB
[    0.000000] OF: reserved mem: initialized node linux,cma, compatible id shared-dma-pool
[    0.000000] OF: reserved mem: 0x0000000002000000..0x0000000005ffffff (65536 KiB) map reusable linux,cma
[    0.000000] OF: reserved mem: 0x0000000000000000..0x000000000007ffff (512 KiB) nomap non-reusable atf@0
[    0.000000] OF: reserved mem: 0x000000003fd1bf04..0x000000003fd1c068 (0 KiB) nomap non-reusable nvram@0
[    0.000000] OF: reserved mem: 0x000000003fd29948..0x000000003fd29a4f (0 KiB) nomap non-reusable nvram@1
[    0.000000] NUMA: No NUMA configuration found
[    0.000000] Faking a node at [mem 0x0000000000000000-0x000000000fefffff]
[    0.000000] Faking a node at [mem 0x000000000ff00000-0x000000001fdfffff]
[    0.000000] Faking a node at [mem 0x000000001fe00000-0x000000002fcfffff]
[    0.000000] Faking a node at [mem 0x000000002fd00000-0x000000003fbfffff]
[    0.000000] NUMA: NODE_DATA [mem 0x0fefd2c0-0x0fefffff]
[    0.000000] NUMA: NODE_DATA [mem 0x1fdfd2c0-0x1fdfffff]
[    0.000000] NUMA: NODE_DATA [mem 0x2fcfd2c0-0x2fcfffff]
[    0.000000] NUMA: NODE_DATA [mem 0x3fb052c0-0x3fb07fff]
[    0.000000] Zone ranges:
[    0.000000]   DMA      [mem 0x0000000000000000-0x000000003fbfffff]
[    0.000000]   DMA32    empty
[    0.000000]   Normal   empty
[    0.000000] Movable zone start for each node
[    0.000000] Early memory node ranges
[    0.000000]   node   0: [mem 0x0000000000000000-0x000000000007ffff]
[    0.000000]   node   0: [mem 0x0000000000080000-0x000000000fefffff]
[    0.000000]   node   1: [mem 0x000000000ff00000-0x000000001fdfffff]
[    0.000000]   node   2: [mem 0x000000001fe00000-0x000000002fcfffff]
[    0.000000]   node   3: [mem 0x000000002fd00000-0x000000003fbfffff]
[    0.000000] Initmem setup node 0 [mem 0x0000000000000000-0x000000000fefffff]
[    0.000000] Initmem setup node 1 [mem 0x000000000ff00000-0x000000001fdfffff]
[    0.000000] Initmem setup node 2 [mem 0x000000001fe00000-0x000000002fcfffff]
[    0.000000] Initmem setup node 3 [mem 0x000000002fd00000-0x000000003fbfffff]
[    0.000000] On node 3, zone DMA: 256 pages in unavailable ranges
[    0.000000] psci: probing for conduit method from DT.
[    0.000000] psci: PSCIv1.1 detected in firmware.
[    0.000000] psci: Using standard PSCI v0.2 function IDs
[    0.000000] psci: MIGRATE_INFO_TYPE not supported.
[    0.000000] psci: SMC Calling Convention v1.2
[    0.000000] percpu: Embedded 14 pages/cpu s185192 r8192 d35992 u229376
[    0.000000] Detected PIPT I-cache on CPU0
[    0.000000] CPU features: detected: Virtualization Host Extensions
[    0.000000] CPU features: detected: Hardware dirty bit management
[    0.000000] CPU features: detected: Spectre-v4
[    0.000000] CPU features: detected: Spectre-BHB
[    0.000000] CPU features: kernel page table isolation forced ON by KASLR
[    0.000000] CPU features: detected: Kernel page table isolation (KPTI)
[    0.000000] CPU features: detected: SSBS not fully self-synchronizing
[    0.000000] alternatives: applying boot alternatives
[    0.000000] Kernel command line: reboot=w coherent_pool=1M 8250.nr_uarts=1 pci=pcie_bus_safe cgroup_disable=memory numa_policy=interleave bcm2708_fb.fbwidth=640 bcm2708_fb.fbheight=480 bcm2708_fb.fbdepth=16 bcm2708_fb.fbswap=1 numa=fake=4 system_heap.max_order=0 iommu_dma_numa_policy=interleave smsc95xx.macaddr=88:A2:9E:82:BB:4D vc_mem.mem_base=0x3fc00000 vc_mem.mem_size=0x40000000  dwc_otg.lpm_enable=0 dm-mod.create="vroot,,,ro,0 630784 verity 1 /dev/mmcblk0p3 /dev/mmcblk0p3 4096 4096 78848 78849 sha256 0210f085381cd853e873b54834c9a9b7ebb453397703390fb044dcf0d764b199 155097cdcf4de0877ba1a937f5e3732046c1aea865594ac927025829e35bbe5a" dm-mod.waitfor=/dev/mmcblk0p3 root=/dev/dm-0 rootfstype=ext4 rootwait ro net.ifnames=0
[    0.000000] cgroup: Disabling memory control group subsystem
[    0.000000] mempolicy: NUMA default policy overridden to 'interleave:0-3'
[    0.000000] Unknown kernel command line parameters "iommu_dma_numa_policy=interleave", will be passed to user space.
[    0.000000] Fallback order for Node 0: 0 1 2 3 
[    0.000000] Fallback order for Node 1: 1 2 3 0 
[    0.000000] Fallback order for Node 2: 2 3 0 1 
[    0.000000] Fallback order for Node 3: 3 0 1 2 
[    0.000000] Built 4 zonelists, mobility grouping on.  Total pages: 65024
[    0.000000] Policy zone: DMA
[    0.000000] mem auto-init: stack:all(zero), heap alloc:off, heap free:off
[    0.000000] Memory: 943632K/1044480K available (14656K kernel code, 2280K rwdata, 4800K rodata, 5376K init, 1231K bss, 35312K reserved, 65536K cma-reserved)
[    0.000000] SLUB: HWalign=64, Order=0-3, MinObjects=0, CPUs=4, Nodes=4
[    0.000000] ftrace: allocating 47572 entries in 47 pages
[    0.000000] ftrace: allocated 47 pages with 5 groups
[    0.000000] trace event string verifier disabled
[    0.000000] rcu: Preemptible hierarchical RCU implementation.
[    0.000000] rcu: 	RCU event tracing is enabled.
[    0.000000] rcu: 	RCU restricting CPUs from NR_CPUS=256 to nr_cpu_ids=4.
[    0.000000] 	Trampoline variant of Tasks RCU enabled.
[    0.000000] 	Rude variant of Tasks RCU enabled.
[    0.000000] 	Tracing variant of Tasks RCU enabled.
[    0.000000] rcu: RCU calculated value of scheduler-enlistment delay is 25 jiffies.
[    0.000000] rcu: Adjusting geometry for rcu_fanout_leaf=16, nr_cpu_ids=4
[    0.000000] NR_IRQS: 64, nr_irqs: 64, preallocated irqs: 0
[    0.000000] Root IRQ handler: gic_handle_irq
[    0.000000] GIC: Using split EOI/Deactivate mode
[    0.000000] rcu: srcu_init: Setting srcu_struct sizes based on contention.
[    0.000000] arch_timer: cp15 timer(s) running at 54.00MHz (phys).
[    0.000000] clocksource: arch_sys_counter: mask: 0xffffffffffffff max_cycles: 0xc743ce346, max_idle_ns: 440795203123 ns
[    0.000000] sched_clock: 56 bits at 54MHz, resolution 18ns, wraps every 4398046511102ns
[    0.000128] Console: colour dummy device 80x25
[    0.000131] printk: console [tty0] enabled
[    0.000302] Calibrating delay loop (skipped), value calculated using timer frequency.. 108.00 BogoMIPS (lpj=216000)
[    0.000307] pid_max: default: 32768 minimum: 301
[    0.000351] LSM: initializing lsm=capability,integrity
[    0.000593] Dentry cache hash table entries: 131072 (order: 6, 1048576 bytes, vmalloc)
[    0.000684] Inode-cache hash table entries: 65536 (order: 5, 524288 bytes, vmalloc)
[    0.000696] Mount-cache hash table entries: 2048 (order: 0, 16384 bytes, vmalloc)
[    0.000702] Mountpoint-cache hash table entries: 2048 (order: 0, 16384 bytes, vmalloc)
[    0.001234] RCU Tasks: Setting shift to 2 and lim to 1 rcu_task_cb_adjust=1 rcu_task_cpu_ids=4.
[    0.001252] RCU Tasks Rude: Setting shift to 2 and lim to 1 rcu_task_cb_adjust=1 rcu_task_cpu_ids=4.
[    0.001268] RCU Tasks Trace: Setting shift to 2 and lim to 1 rcu_task_cb_adjust=1 rcu_task_cpu_ids=4.
[    0.001306] rcu: Hierarchical SRCU implementation.
[    0.001309] rcu: 	Max phase no-delay instances is 1000.
[    0.001697] EFI services will not be available.
[    0.001746] smp: Bringing up secondary CPUs ...
[    0.001872] Detected PIPT I-cache on CPU1
[    0.001903] CPU1: Booted secondary processor 0x0000000100 [0x414fd0b1]
[    0.002033] Detected PIPT I-cache on CPU2
[    0.002057] CPU2: Booted secondary processor 0x0000000200 [0x414fd0b1]
[    0.002169] Detected PIPT I-cache on CPU3
[    0.002187] CPU3: Booted secondary processor 0x0000000300 [0x414fd0b1]
[    0.002209] smp: Brought up 4 nodes, 4 CPUs
[    0.002221] SMP: Total of 4 processors activated.
[    0.002224] CPU features: detected: 32-bit EL0 Support
[    0.002226] CPU features: detected: Data cache clean to the PoU not required for I/D coherence
[    0.002230] CPU features: detected: Common not Private translations
[    0.002232] CPU features: detected: CRC32 instructions
[    0.002235] CPU features: detected: RCpc load-acquire (LDAPR)
[    0.002237] CPU features: detected: LSE atomic instructions
[    0.002240] CPU features: detected: Privileged Access Never
[    0.002242] CPU features: detected: RAS Extension Support
[    0.002244] CPU features: detected: Speculative Store Bypassing Safe (SSBS)
[    0.002272] CPU: All CPU(s) started at EL2
[    0.002275] alternatives: applying system-wide alternatives
[    0.003858] devtmpfs: initialized
[    0.005788] Enabled cp15_barrier support
[    0.005794] Enabled setend support
[    0.005858] clocksource: jiffies: mask: 0xffffffff max_cycles: 0xffffffff, max_idle_ns: 7645041785100000 ns
[    0.005866] futex hash table entries: 1024 (order: 2, 65536 bytes, vmalloc)
[    0.006031] pinctrl core: initialized pinctrl subsystem
[    0.006114] DMI not present or invalid.
[    0.006220] NET: Registered PF_NETLINK/PF_ROUTE protocol family
[    0.006586] DMA: preallocated 1024 KiB GFP_KERNEL pool for atomic allocations
[    0.006616] DMA: preallocated 1024 KiB GFP_KERNEL|GFP_DMA pool for atomic allocations
[    0.006647] DMA: preallocated 1024 KiB GFP_KERNEL|GFP_DMA32 pool for atomic allocations
[    0.006663] audit: initializing netlink subsys (disabled)
[    0.006695] audit: type=2000 audit(0.004:1): state=initialized audit_enabled=0 res=1
[    0.006790] thermal_sys: Registered thermal governor 'step_wise'
[    0.006798] cpuidle: using governor menu
[    0.006857] hw-breakpoint: found 6 breakpoint and 4 watchpoint registers.
[    0.006876] ASID allocator initialised with 32768 entries
[    0.007075] Serial: AMBA PL011 UART driver
[    0.007635] bcm2835-mbox 107c013880.mailbox: mailbox enabled
[    0.007768] 107d001000.serial: ttyAMA10 at MMIO 0x107d001000 (irq = 15, base_baud = 0) is a PL011 rev2
[    0.007780] printk: console [ttyAMA10] enabled
[    0.911976] raspberrypi-firmware soc:firmware: Attached to firmware from 2026-09-10T00:06:58, variant start_cd
[    0.926022] raspberrypi-firmware soc:firmware: Firmware hash is 465206a200000000000000000000000000000000
[    0.941076] Modules: 2G module region forced by RANDOMIZE_MODULE_REGION_FULL
[    0.948156] Modules: 0 pages in range for non-PLT usage
[    0.948157] Modules: 129276 pages in range for PLT usage
[    0.957801] bcm2835-dma 1000010000.dma: DMA legacy API manager, dmachans=0x1
[    0.970473] iommu: Default domain type: Translated
[    0.975282] iommu: DMA domain TLB invalidation policy: strict mode
[    0.981708] SCSI subsystem initialized
[    0.985499] usbcore: registered new interface driver usbfs
[    0.991009] usbcore: registered new interface driver hub
[    0.996341] usbcore: registered new device driver usb
[    1.001469] pps_core: LinuxPPS API ver. 1 registered
[    1.006449] pps_core: Software ver. 5.3.6 - Copyright 2005-2007 Rodolfo Giometti <giometti@linux.it>
[    1.015621] PTP clock support registered
[    1.019583] Advanced Linux Sound Architecture Driver Initialized.
[    1.025867] vgaarb: loaded
[    1.028666] clocksource: Switched to clocksource arch_sys_counter
[    1.141460] VFS: Disk quotas dquot_6.6.0
[    1.145405] VFS: Dquot-cache hash table entries: 2048 (order 0, 16384 bytes)
[    1.152501] FS-Cache: Loaded
[    1.155421] CacheFiles: Loaded
[    1.159374] NET: Registered PF_INET protocol family
[    1.164310] IP idents hash table entries: 16384 (order: 3, 131072 bytes, vmalloc)
[    1.172134] tcp_listen_portaddr_hash hash table entries: 1024 (order: 0, 16384 bytes, vmalloc)
[    1.180792] Table-perturb hash table entries: 65536 (order: 4, 262144 bytes, vmalloc)
[    1.188655] TCP established hash table entries: 8192 (order: 2, 65536 bytes, vmalloc)
[    1.196538] TCP bind hash table entries: 8192 (order: 4, 262144 bytes, vmalloc)
[    1.203957] TCP: Hash tables configured (established 8192 bind 8192)
[    1.210386] MPTCP token hash table entries: 1024 (order: 0, 24576 bytes, vmalloc)
[    1.217911] UDP hash table entries: 512 (order: 0, 16384 bytes, vmalloc)
[    1.224646] UDP-Lite hash table entries: 512 (order: 0, 16384 bytes, vmalloc)
[    1.231843] NET: Registered PF_UNIX/PF_LOCAL protocol family
[    1.237603] RPC: Registered named UNIX socket transport module.
[    1.243545] RPC: Registered udp transport module.
[    1.248263] RPC: Registered tcp transport module.
[    1.252980] RPC: Registered tcp-with-tls transport module.
[    1.258482] RPC: Registered tcp NFSv4.1 backchannel transport module.
[    1.264951] PCI: CLS 0 bytes, default 64
[    1.269002] kvm [1]: IPA Size Limit: 40 bits
[    1.273294] kvm [1]: GICV region size/alignment is unsafe, using trapping (reduced performance)
[    1.282042] kvm [1]: vgic interrupt IRQ9
[    1.285983] kvm [1]: VHE mode initialized successfully
[    1.291387] Initialise system trusted keyrings
[    1.295909] workingset: timestamp_bits=42 max_order=16 bucket_order=0
[    1.302387] zbud: loaded
[    1.305063] NFS: Registering the id_resolver key type
[    1.310136] Key type id_resolver registered
[    1.314330] Key type id_legacy registered
[    1.318355] nfs4filelayout_init: NFSv4 File Layout Driver Registering...
[    1.325082] nfs4flexfilelayout_init: NFSv4 Flexfile Layout Driver Registering...
[    1.332531] F2FS not supported on PAGE_SIZE(16384) != 4096
[    1.338069] Key type asymmetric registered
[    1.342177] Asymmetric key parser 'x509' registered
[    1.347078] Block layer SCSI generic (bsg) driver version 0.4 loaded (major 245)
[    1.354524] io scheduler mq-deadline registered
[    1.359069] io scheduler kyber registered
[    1.363099] io scheduler bfq registered
[    1.367083] irq_brcmstb_l2: registered L2 intc (/soc/intc@7d503000, parent irq: 26)
[    1.374810] irq_brcmstb_l2: registered L2 intc (/soc/intc@7d508380, parent irq: 27)
[    1.382526] irq_brcmstb_l2: registered L2 intc (/soc/intc@7d508400, parent irq: 28)
[    1.390241] irq_brcmstb_l2: registered L2 intc (/soc/intc@7d517b00, parent irq: 29)
[    1.398727] bcm2708_fb soc:fb: Unable to determine number of FBs. Disabling driver.
[    1.406417] bcm2708_fb: probe of soc:fb failed with error -2
[    1.412749] Serial: 8250/16550 driver, 1 ports, IRQ sharing enabled
[    1.419317] 107d50c000.serial: ttyS0 at MMIO 0x107d50c000 (irq = 31, base_baud = 6000000) is a Broadcom BCM7271 UART
[    1.429926] serial serial0: tty port ttyS0 registered
[    1.435193] iproc-rng200 107d208000.rng: hwrng registered
[    1.440657] vc-mem: phys_addr:0x00000000 mem_base=0x3fc00000 mem_size:0x40000000(1024 MiB)
[    1.449099] bcm2712-iommu-cache 1000005b00.iommuc: bcm2712_iommu_cache_probe
[    1.457789] brd: module loaded
[    1.461763] loop: module loaded
[    1.465002] bcm2835-power bcm2835-power: Broadcom BCM2835 power domains driver
[    1.472334] Loading iSCSI transport class v2.0-870.
[    1.477768] usbcore: registered new device driver r8152-cfgselector
[    1.484066] usbcore: registered new interface driver r8152
[    1.489575] usbcore: registered new interface driver lan78xx
[    1.495263] usbcore: registered new interface driver smsc95xx
[    1.501062] dwc_otg: version 3.00a 10-AUG-2012 (platform bus)
[    1.506922] usbcore: registered new interface driver uas
[    1.512256] usbcore: registered new interface driver usb-storage
[    1.518343] mousedev: PS/2 mouse device common for all mice
[    1.526405] rpi-rtc soc:rpi_rtc: registered as rtc0
[    1.531833] rpi-rtc soc:rpi_rtc: setting system clock to 1970-01-01T00:00:18 UTC (18)
[    1.539946] bcm2835-wdt bcm2835-wdt: Poweroff handler already present!
[    1.546501] bcm2835-wdt bcm2835-wdt: Broadcom BCM2835 watchdog timer
[    1.552931] device-mapper: ioctl: 4.48.0-ioctl (2023-03-01) initialised: dm-devel@redhat.com
[    1.561717] sdhci: Secure Digital Host Controller Interface driver
[    1.567934] sdhci: Copyright(c) Pierre Ossman
[    1.572335] sdhci-pltfm: SDHCI platform and OF driver helper
[    1.578140] ledtrig-cpu: registered to indicate activity on CPUs
[    1.584200] SMCCC: SOC_ID: ARCH_SOC_ID not implemented, skipping ....
[    1.590672] hid: raw HID events driver (C) Jiri Kosina
[    1.595839] usbcore: registered new interface driver usbhid
[    1.601433] usbhid: USB HID core driver
[    1.605483] hw perfevents: enabled with armv8_cortex_a76 PMU driver, 7 counters available
[    1.614007] NET: Registered PF_PACKET protocol family
[    1.619097] Key type dns_resolver registered
[    1.626900] registered taskstats version 1
[    1.631075] Loading compiled-in X.509 certificates
[    1.637310] Key type .fscrypt registered
[    1.641246] Key type fscrypt-provisioning registered
[    1.646890] brcm-pcie 1000120000.pcie: host bridge /axi/pcie@120000 ranges:
[    1.653886] brcm-pcie 1000120000.pcie:   No bus range found for /axi/pcie@120000, using [bus 00-ff]
[    1.663267] brcm-pcie 1000120000.pcie:      MEM 0x1f00000000..0x1ffffffffb -> 0x0000000000
[    1.671575] brcm-pcie 1000120000.pcie:      MEM 0x1c00000000..0x1effffffff -> 0x0400000000
[    1.679876] brcm-pcie 1000120000.pcie:   IB MEM 0x1f00000000..0x1f003fffff -> 0x0000000000
[    1.688178] brcm-pcie 1000120000.pcie:   IB MEM 0x0000000000..0x0fffffffff -> 0x1000000000
[    1.697639] brcm-pcie 1000120000.pcie: Forcing gen 2
[    1.702789] brcm-pcie 1000120000.pcie: PCI host bridge to bus 0000:00
[    1.709254] pci_bus 0000:00: Unknown NUMA node; performance will be reduced
[    1.716250] pci_bus 0000:00: root bus resource [bus 00-ff]
[    1.721761] pci_bus 0000:00: root bus resource [mem 0x1f00000000-0x1ffffffffb] (bus address [0x00000000-0xfffffffb])
[    1.732331] pci_bus 0000:00: root bus resource [mem 0x1c00000000-0x1effffffff pref] (bus address [0x400000000-0x6ffffffff])
[    1.743518] pci 0000:00:00.0: [14e4:2712] type 01 class 0x060400
[    1.749563] pci 0000:00:00.0: PME# supported from D0 D3hot
[    1.860672] brcm-pcie 1000120000.pcie: link up, 5.0 GT/s PCIe x4 (!SSC)
[    1.867327] pci 0000:01:00.0: [1de4:0001] type 00 class 0x020000
[    1.873368] pci 0000:01:00.0: reg 0x10: [mem 0xffffc000-0xffffffff]
[    1.879662] pci 0000:01:00.0: reg 0x14: [mem 0xffc00000-0xffffffff]
[    1.885957] pci 0000:01:00.0: reg 0x18: [mem 0xffff0000-0xffffffff]
[    1.892306] pci 0000:01:00.0: supports D1
[    1.896328] pci 0000:01:00.0: PME# supported from D0 D1 D3hot D3cold
[    1.912689] pci 0000:00:00.0: BAR 8: assigned [mem 0x1f00000000-0x1f005fffff]
[    1.919860] pci 0000:01:00.0: BAR 1: assigned [mem 0x1f00000000-0x1f003fffff]
[    1.927034] pci 0000:01:00.0: BAR 2: assigned [mem 0x1f00400000-0x1f0040ffff]
[    1.934205] pci 0000:01:00.0: BAR 0: assigned [mem 0x1f00410000-0x1f00413fff]
[    1.941376] pci 0000:00:00.0: PCI bridge to [bus 01]
[    1.946368] pci 0000:00:00.0:   bridge window [mem 0x1f00000000-0x1f005fffff]
[    1.953540] pci 0000:00:00.0: Max Payload Size set to  256/ 512 (was  128), Max Read Rq  512
[    1.962023] pci 0000:01:00.0: Max Payload Size set to  256/ 256 (was  128), Max Read Rq  512
[    1.970558] pcieport 0000:00:00.0: enabling device (0000 -> 0002)
[    1.976713] pcieport 0000:00:00.0: PME: Signaling with IRQ 36
[    1.982520] pcieport 0000:00:00.0: AER: enabled with IRQ 36
[    1.988174] rp1 0000:01:00.0: bar0 len 0x4000, start 0x1f00410000, end 0x1f00413fff, flags, 0x40200
[    1.997264] rp1 0000:01:00.0: bar1 len 0x400000, start 0x1f00000000, end 0x1f003fffff, flags, 0x40200
[    2.006531] rp1 0000:01:00.0: enabling device (0000 -> 0002)
[    2.012846] rp1 0000:01:00.0: chip_id 0x20001927
[    2.021557] genirq: irq_chip rp1_irq_chip did not update eff. affinity mask of irq 98
[    2.046635] macb 1f00100000.ethernet eth0: Cadence GEM rev 0x00070109 at 0x1f00100000 irq 104 (88:a2:9e:82:bb:4d)
[    2.057684] dw_axi_dmac_platform 1f00188000.dma: DesignWare AXI DMA Controller, 8 channels
[    2.066198] xhci-hcd xhci-hcd.0: xHCI Host Controller
[    2.071272] xhci-hcd xhci-hcd.0: new USB bus registered, assigned bus number 1
[    2.078951] xhci-hcd xhci-hcd.0: hcc params 0x0240fe6d hci version 0x110 quirks 0x0000008000000810
[    2.087953] xhci-hcd xhci-hcd.0: irq 129, io mem 0x1f00200000
[    2.093775] xhci-hcd xhci-hcd.0: xHCI Host Controller
[    2.098848] xhci-hcd xhci-hcd.0: new USB bus registered, assigned bus number 2
[    2.106099] xhci-hcd xhci-hcd.0: Host supports USB 3.0 SuperSpeed
[    2.112251] usb usb1: New USB device found, idVendor=1d6b, idProduct=0002, bcdDevice= 6.06
[    2.120550] usb usb1: New USB device strings: Mfr=3, Product=2, SerialNumber=1
[    2.127799] usb usb1: Product: xHCI Host Controller
[    2.132691] usb usb1: Manufacturer: Linux 6.6.63-v8-16k xhci-hcd
[    2.138721] usb usb1: SerialNumber: xhci-hcd.0
[    2.143260] hub 1-0:1.0: USB hub found
[    2.147029] hub 1-0:1.0: 2 ports detected
[    2.151136] usb usb2: New USB device found, idVendor=1d6b, idProduct=0003, bcdDevice= 6.06
[    2.159435] usb usb2: New USB device strings: Mfr=3, Product=2, SerialNumber=1
[    2.166688] usb usb2: Product: xHCI Host Controller
[    2.171581] usb usb2: Manufacturer: Linux 6.6.63-v8-16k xhci-hcd
[    2.177669] usb usb2: SerialNumber: xhci-hcd.0
[    2.182206] hub 2-0:1.0: USB hub found
[    2.185973] hub 2-0:1.0: 1 port detected
[    2.190114] xhci-hcd xhci-hcd.1: xHCI Host Controller
[    2.195291] xhci-hcd xhci-hcd.1: new USB bus registered, assigned bus number 3
[    2.202975] xhci-hcd xhci-hcd.1: hcc params 0x0240fe6d hci version 0x110 quirks 0x0000008000000810
[    2.212079] xhci-hcd xhci-hcd.1: irq 134, io mem 0x1f00300000
[    2.217902] xhci-hcd xhci-hcd.1: xHCI Host Controller
[    2.222972] xhci-hcd xhci-hcd.1: new USB bus registered, assigned bus number 4
[    2.230321] xhci-hcd xhci-hcd.1: Host supports USB 3.0 SuperSpeed
[    2.236463] usb usb3: New USB device found, idVendor=1d6b, idProduct=0002, bcdDevice= 6.06
[    2.244858] usb usb3: New USB device strings: Mfr=3, Product=2, SerialNumber=1
[    2.252109] usb usb3: Product: xHCI Host Controller
[    2.257003] usb usb3: Manufacturer: Linux 6.6.63-v8-16k xhci-hcd
[    2.263129] usb usb3: SerialNumber: xhci-hcd.1
[    2.267653] hub 3-0:1.0: USB hub found
[    2.271421] hub 3-0:1.0: 2 ports detected
[    2.275521] usb usb4: New USB device found, idVendor=1d6b, idProduct=0003, bcdDevice= 6.06
[    2.283917] usb usb4: New USB device strings: Mfr=3, Product=2, SerialNumber=1
[    2.291170] usb usb4: Product: xHCI Host Controller
[    2.296084] usb usb4: Manufacturer: Linux 6.6.63-v8-16k xhci-hcd
[    2.302217] usb usb4: SerialNumber: xhci-hcd.1
[    2.306758] hub 4-0:1.0: USB hub found
[    2.310534] hub 4-0:1.0: 1 port detected
[    2.315115] bcm2712-iommu 1000005100.iommu: bcm2712_iommu_init: DEBUG_INFO = 0x20804774
[    2.323508] platform 1000800000.codec: bcm2712_iommu_probe_device: MMU 1000005100.iommu
[    2.331547] platform 1000800000.codec: bcm2712_iommu_device_group: MMU 1000005100.iommu
[    2.339588] platform 1000800000.codec: Adding to iommu group 0
[    2.345448] platform 1000880000.pisp_be: bcm2712_iommu_probe_device: MMU 1000005100.iommu
[    2.353664] platform 1000880000.pisp_be: bcm2712_iommu_device_group: MMU 1000005100.iommu
[    2.361880] platform 1000880000.pisp_be: Adding to iommu group 0
[    2.367926] platform 1000800000.codec: bcm2712_iommu_attach_dev: MMU 1000005100.iommu
[    2.375789] platform 1000880000.pisp_be: bcm2712_iommu_attach_dev: MMU 1000005100.iommu
[    2.383825] bcm2712-iommu 1000005100.iommu: bcm2712_iommu_probe: Success
[    2.390946] bcm2712-iommu 1000005200.iommu: bcm2712_iommu_init: DEBUG_INFO = 0x20804774
[    2.399351] bcm2712-iommu 1000005200.iommu: bcm2712_iommu_probe: Success
[    2.406442] bcm2712-iommu 1000005280.iommu: bcm2712_iommu_init: DEBUG_INFO = 0x20804774
[    2.414831] bcm2712-iommu 1000005280.iommu: bcm2712_iommu_probe: Success
[    2.421733] sdhci-brcmstb 1000fff000.mmc: Got CD GPIO
[    2.426907] mmc0: CQHCI version 5.10
[    2.427236] mmc1: CQHCI version 5.10
[    2.430732] device-mapper: init: waiting for all devices to be available before creating mapped devices
[    2.479203] mmc0: SDHCI controller on 1000fff000.mmc [1000fff000.mmc] using ADMA 64-bit
[    2.601746] mmc0: new ultra high speed SDR104 SDXC card at address 0001
[    2.608748] mmcblk0: mmc0:0001 SD 58.2 GiB
[    2.615193] GPT:Primary header thinks Alt. header is not at the end of the disk.
[    2.622728] GPT:7004193 != 122138623
[    2.626312] GPT:Alternate GPT header not at the end of the disk.
[    2.631198] mmc1: SDHCI controller on 1001100000.mmc [1001100000.mmc] using ADMA 64-bit
[    2.632336] GPT:7004193 != 122138623
[    2.643954] GPT: Use GNU Parted to correct GPT errors.
[    2.649113]  mmcblk0: p1 p2 p3 p4 p5
[    2.652924] mmcblk0: mmc0:0001 SD 58.2 GiB
[    2.657048] device-mapper: init: waiting for device /dev/mmcblk0p3 ...
[    2.663614] device-mapper: init: all devices available
[    2.668847] device-mapper: verity: sha256 using implementation "sha256-generic"
[    2.672258] mmc1: new ultra high speed DDR50 SDIO card at address 0001
[    2.676387] device-mapper: ioctl: dm-0 (vroot) is ready
[    2.687990] of_cfs_init
[    2.690458] of_cfs_init: OK
[    2.693744] clk: Disabling unused clocks
[    2.697855] ALSA device list:
[    2.700832]   No soundcards found.
[    2.704272] uart-pl011 107d001000.serial: no DMA platform data
[    2.735634] EXT4-fs (dm-0): write access unavailable, skipping orphan cleanup
[    2.742826] EXT4-fs (dm-0): mounted filesystem aac804d4-df3a-4bab-8a00-7ce453fdde73 ro with ordered data mode. Quota mode: none.
[    2.754458] VFS: Mounted root (ext4 filesystem) readonly on device 254:0.
[    2.761745] devtmpfs: mounted
[    2.767077] Freeing unused kernel memory: 5376K
[    2.771670] Run /sbin/init as init process
[    3.013715] systemd[1]: System time before build time, advancing clock.
[    3.078750] NET: Registered PF_INET6 protocol family
[    3.084009] Segment Routing with IPv6
[    3.087705] In-situ OAM (IOAM) with IPv6
[    3.119066] systemd[1]: systemd 255.21^ running in system mode (-PAM -AUDIT -SELINUX -APPARMOR +IMA -SMACK +SECCOMP -GCRYPT -GNUTLS -OPENSSL +ACL +BLKID -CURL -ELFUTILS -FIDO2 -IDN2 -IDN -IPTC +KMOD -LIBCRYPTSETUP +LIBFDISK -PCRE2 -PWQUALITY -P11KIT -QRENCODE -TPM2 -BZIP2 -LZ4 -XZ -ZLIB +ZSTD -BPF_FRAMEWORK +XKBCOMMON +UTMP +SYSVINIT default-hierarchy=unified)
[    3.151141] systemd[1]: Detected architecture arm64.

Welcome to [1mPoky (Yocto Project Reference Distro) 5.0.14 (scarthgap)[0m!

[    3.174927] systemd[1]: Hostname set to <raspberrypi5-uboot-tpm>.
[    3.186233] systemd[1]: Initializing machine ID from random generator.
[    3.192827] systemd[1]: Installed transient /etc/machine-id file.
[    3.386097] systemd[1]: Queued start job for default target Multi-User System.
[    3.413180] systemd[1]: Created slice Slice /system/modprobe.
[[0;32m  OK  [0m] Created slice [0;1;39mSlice /system/modprobe[0m.
[    3.432894] systemd[1]: Created slice Slice /system/systemd-fsck.
[[0;32m  OK  [0m] Created slice [0;1;39mSlice /system/systemd-fsck[0m.
[    3.452800] systemd[1]: Created slice User and Session Slice.
[[0;32m  OK  [0m] Created slice [0;1;39mUser and Session Slice[0m.
[    3.472727] systemd[1]: Started Dispatch Password Requests to Console Directory Watch.
[[0;32m  OK  [0m] Started [0;1;39mDispatch Password Requests to Console Directory Watch[0m.
[    3.496711] systemd[1]: Started Forward Password Requests to Wall Directory Watch.
[[0;32m  OK  [0m] Started [0;1;39mForward Password Requests to Wall Directory Watch[0m.
[    3.520711] systemd[1]: Expecting device /dev/disk/by-label/data...
         Expecting device [0;1;39m/dev/disk/by-label/data[0m...
[    3.540681] systemd[1]: Expecting device /sys/devices/platform/gpu/graphics/fb0...
         Expecting device [0;1;39m/sys/devices/platform/gpu/graphics/fb0[0m...
[    3.564687] systemd[1]: Reached target Login Prompts.
[[0;32m  OK  [0m] Reached target [0;1;39mLogin Prompts[0m.
[    3.584697] systemd[1]: Reached target Path Units.
[[0;32m  OK  [0m] Reached target [0;1;39mPath Units[0m.
[    3.604683] systemd[1]: Reached target Remote File Systems.
[[0;32m  OK  [0m] Reached target [0;1;39mRemote File Systems[0m.
[    3.624684] systemd[1]: Reached target Slice Units.
[[0;32m  OK  [0m] Reached target [0;1;39mSlice Units[0m.
[    3.644694] systemd[1]: Reached target Swaps.
[[0;32m  OK  [0m] Reached target [0;1;39mSwaps[0m.
[    3.682217] systemd[1]: Listening on RPCbind Server Activation Socket.
[[0;32m  OK  [0m] Listening on [0;1;39mRPCbind Server Activation Socket[0m.
[    3.704711] systemd[1]: Reached target RPC Port Mapper.
[[0;32m  OK  [0m] Reached target [0;1;39mRPC Port Mapper[0m.
[    3.725226] systemd[1]: Listening on Syslog Socket.
[[0;32m  OK  [0m] Listening on [0;1;39mSyslog Socket[0m.
[    3.744741] systemd[1]: Listening on initctl Compatibility Named Pipe.
[[0;32m  OK  [0m] Listening on [0;1;39minitctl Compatibility Named Pipe[0m.
[    3.768860] systemd[1]: Listening on Journal Audit Socket.
[[0;32m  OK  [0m] Listening on [0;1;39mJournal Audit Socket[0m.
[    3.788758] systemd[1]: Listening on Journal Socket (/dev/log).
[[0;32m  OK  [0m] Listening on [0;1;39mJournal Socket (/dev/log)[0m.
[    3.808785] systemd[1]: Listening on Journal Socket.
[[0;32m  OK  [0m] Listening on [0;1;39mJournal Socket[0m.
[    3.828803] systemd[1]: Listening on Network Service Netlink Socket.
[[0;32m  OK  [0m] Listening on [0;1;39mNetwork Service Netlink Socket[0m.
[    3.848822] systemd[1]: Listening on udev Control Socket.
[[0;32m  OK  [0m] Listening on [0;1;39mudev Control Socket[0m.
[    3.868749] systemd[1]: Listening on udev Kernel Socket.
[[0;32m  OK  [0m] Listening on [0;1;39mudev Kernel Socket[0m.
[    3.888753] systemd[1]: Listening on User Database Manager Socket.
[[0;32m  OK  [0m] Listening on [0;1;39mUser Database Manager Socket[0m.
[    3.908797] systemd[1]: Huge Pages File System was skipped because of an unmet condition check (ConditionPathExists=/sys/kernel/mm/hugepages).
[    3.940734] systemd[1]: Mounting POSIX Message Queue File System...
         Mounting [0;1;39mPOSIX Message Queue File System[0m...
[    3.961268] systemd[1]: Mounting Kernel Debug File System...
         Mounting [0;1;39mKernel[    3.967711] systemd[1]: Mounting Kernel Trace File System...
 Debug File System[0m...
         Mounting [0;1;39mKernel Trace F[    3.990732] systemd[1]: Mounting Temporary Directory /tmp...
ile System[0m...
         Mounting [0;1;39mTempor[    4.009601] systemd[1]: Starting Create List of Static Device Nodes...
ary Directory /tmp[0m...
         Starting [0;1;39mCreate List of Static Device Nodes[0m...
[    4.045459] systemd[1]: Starting Load Kernel Module configfs...
         Starting [0;1;39mLoad K[    4.052250] systemd[1]: Starting Load Kernel Module drm...
ernel Module configfs[0m...
         Starting [0;1;39mLoad K[    4.069502] systemd[1]: Starting Load Kernel Module fuse...
ernel Module drm[0m...
         Starting [0;1;39mLoad Kernel Mo[    4.090309] systemd[1]: Starting RPC Bind...
dule fuse[0m...
         Starting [0;1;39mRPC Bind[0m..[    4.106287] systemd[1]: Starting Journal Service...
.
[    4.119086] fuse: init (API version 7.39)
         Starting [0;1;39mJournal Service[0m...[    4.130979] systemd[1]: Load Kernel Modules was skipped because no trigger condition checks were met.

[    4.143030] systemd[1]: Starting Generate network units from Kernel command line...
         Starting [0;1;39mGenera[    4.157427] systemd[1]: Starting Remount Root and Kernel File Systems...
te network units from Kernel command line[0m...
         Starting [0;1;39mRemoun[    4.182174] systemd-journald[140]: Collecting audit messages is enabled.
t Root and Kernel File Systems[0m...
[    4.201237] systemd[1]: Starting Apply Kernel Variables...
         Starting [0;1;39mApply [    4.217653] systemd[1]: Starting Coldplug All udev Devices...
Kernel Variables[0m...
         Starting [0;1;39mColdplug All udev Devices[0m...
[    4.258000] systemd[1]: Started RPC Bind.
[[0;32m  OK  [0m] Started [0;1;39mRPC Bind[0m[    4.264790] EXT4-fs (dm-0): re-mounted aac804d4-df3a-4bab-8a00-7ce453fdde73 ro. Quota mode: none.
.
[    4.285234] systemd[1]: Started Journal Service.
[[0;32m  OK  [0m] Started [0;1;39mJournal Service[0m.
[[0;32m  OK  [0m] Mounted [0;1;39mPOSIX Message Queue File System[0m.
[[0;32m  OK  [0m] Mounted [0;1;39mKernel Debug File System[0m.
[[0;32m  OK  [0m] Mounted [0;1;39mKernel Trace File System[0m.
[[0;32m  OK  [0m] Mounted [0;1;39mTemporary Directory /tmp[0m.
[[0;32m  OK  [0m] Finished [0;1;39mCreate List of Static Device Nodes[0m.
[[0;32m  OK  [0m] Finished [0;1;39mLoad Kernel Module configfs[0m.
[[0;32m  OK  [0m] Finished [0;1;39mLoad Kernel Module drm[0m.
[[0;32m  OK  [0m] Finished [0;1;39mLoad Kernel Module fuse[0m.
[[0;32m  OK  [0m] Finished [0;1;39mGenerate network units from Kernel command line[0m.
[[0;32m  OK  [0m] Finished [0;1;39mRemount Root and Kernel File Systems[0m.
[[0;32m  OK  [0m] Finished [0;1;39mApply Kernel Variables[0m.
[[0;32m  OK  [0m] Finished [0;1;39mColdplug All udev Devices[0m.
[[0;32m  OK  [0m] Reached target [0;1;39mPreparation for Network[0m.
         Mounting [0;1;39mFUSE Control File System[0m...
         Mounting [0;1;39mKernel Configuration File System[0m...
         Starting [0;1;39mFlush Journal to Persistent Storage[0m...
         Starting [0;1;39mCreate Static Device Nodes in /dev gracefully[0m...[    4.610609] systemd-journald[140]: Received client request to flush runtime journal.

[[0;32m  OK  [0m] Mounted [0;1;39mFUSE Control File System[0m.
[[0;32m  OK  [0m] Mounted [0;1;39mKernel Configuration File System[0m.
[[0;32m  OK  [0m] Finished [0;1;39mFlush Journal to Persistent Storage[0m.
[[0;32m  OK  [0m] Finished [0;1;39mCreate Static Device Nodes in /dev gracefully[0m.
         Starting [0;1;39mCreate Static Device Nodes in /dev[0m...
[[0;32m  OK  [0m] Finished [0;1;39mCreate Static Device Nodes in /dev[0m.
[[0;32m  OK  [0m] Reached target [0;1;39mPreparation for Local File Systems[0m.
         Mounting [0;1;39m/var/volatile[0m...
[    4.793024] audit: type=1334 audit(1748544503.775:2): prog-id=6 op=LOAD
[    4.799696] audit: type=1334 audit(1748544503.779:3): prog-id=7 op=LOAD
         Starting [0;1;39mRule-based Manager for Device Events and Files[0m...
[[0;32m  OK  [0m] Mounted [0;1;39m/var/volatile[0m.
         Starting [0;1;39mBind mount volatile /var/cache[0m...
         Starting [0;1;39mBind mount volatile /var/lib[0m...
         Starting [0;1;39mBind mount volatile /var/spool[0m...
         Starting [0;1;39mBind mount volatile /srv[0m...
[[0;32m  OK  [0m] Finished [0;1;39mBind mount volatile /var/cache[0m.
[[0;32m  OK  [0m] Finished [0;1;39mBind mount volatile /var/lib[0m.
[[0;32m  OK  [0m] Finished [0;1;39mBind mount volatile /var/spool[0m.
[[0;32m  OK  [0m] Finished [0;1;39mBind mount volatile /srv[0m.
[[0;32m  OK  [0m] Reached target [0;1;39mLocal File Systems[0m.
         Starting [0;1;39mLoad/Save OS Random Seed[0m...
         Starting [0;1;39mCreate System Files and Directories[0m...
[    5.069284] audit: type=1334 audit(1748544504.051:4): prog-id=8 op=LOAD
[    5.075947] audit: type=1334 audit(1748544504.059:5): prog-id=9 op=LOAD
[    5.082595] audit: type=1334 audit(1748544504.067:6): prog-id=10 op=LOAD
         Starting [0;1;39mUser Database Manager[0m...
[[0;32m  OK  [0m] Finished [0;1;39mLoad/Save OS Random Seed[0m.
[[0;32m  OK  [0m] Started [0;1;39mUser Database Manager[0m.
[[0;32m  OK  [0m] Finished [0;1;39mCreate System Files and Directories[0m.
[    5.154310] audit: type=1334 audit(1748544504.135:7): prog-id=11 op=LOAD
         Starting [0;1;39mNetwork Name Resolution[0m...
[    5.177301] audit: type=1334 audit(1748544504.159:8): prog-id=12 op=LOAD
         Starting [0;1;39mNetwork Time Synchronization[0m...
         Starting [0;1;39mRecord System Boot/Shutdown in UTMP[0m...
[[0;32m  OK  [0m] Finished [0;1;39mRecord System Boot/Shutdown in UTMP[0m.
[[0;32m  OK  [0m] Started [0;1;39mRule-based Manager for Device Events and Files[0m.
[[0;32m  OK  [0m] Started [0;1;39mNetwork Time Synchronization[0m.
[[0;32m  OK  [0m] Started [0;1;39mNetwork Name Resolution[0m.
[    5.304594] tpm_tis_spi spi0.1: 2.0 TPM (device-id 0x1D, rev-id 54)
[    5.311068] rpi-gpiomem 107d508500.gpiomem: window base 0x107d508500 size 0x00000040
[[0;32m  OK  [0m] Reached targe[    5.319365] rpi-gpiomem 107d508500.gpiomem: initialised 1 regions as /dev/gpiomem1
t [0;1;39mHost and Netw[    5.329602] rpi-gpiomem 107d517c00.gpiomem: window base 0x107d517c00 size 0x00000040
ork Name Lookups[0m.
[    5.339342] rpi-gpiomem 107d517c00.gpiomem: initialised 1 regions as /dev/gpiomem2
[    5.339529] rp1-firmware rp1_firmware: RP1 Firmware version 658de8ab25a7ec62b6393624a22a35c39a7c3382
[    5.349023] rpi-gpiomem 107d504100.gpiomem: window base 0x107d504100 size 0x00000020
[    5.365995] rpi-gpiomem 107d504100.gpiomem: initialised 1 regions as /dev/gpiomem3
[    5.373644] rpi-gpiomem 107d510700.gpiomem: window base 0x107d510700 size 0x00000020
[    5.381512] rpi-gpiomem 107d510700.gpiomem: initialised 1 regions as /dev/gpiomem4
[[0;32m  OK  [0m] Reached targe[    5.389338] rpi-gpiomem 1f000d0000.gpiomem: window base 0x1f000d0000 size 0x00030000
t [0;1;39mSystem Initia[    5.390229] rp1-pio 1f00178000.pio: Created instance as pio0
lization[0m.
[    5.399947] rpi-gpiomem 1f000d0000.gpiomem: initialised 1 regions as /dev/gpiomem0
[[0;32m  OK  [0m] Started [0;1;39mDaily Cleanup of Temporary Directories[0m.
[[0;32m  OK  [0m] Reached target [0;1;39mSystem Time Set[0m.
[[0;32m  OK  [0m] Reached target [0;1;39mTimer Units[0m.
[    5.461506] mc: Linux media interface: v0.10
[[0;32m  OK  [0m] Listening on [0;1;39mAvahi mDNS/DNS-SD Stack Activation Socket[0m.
[[0;32m  OK  [0m] Listening on [0;1;39mD-Bus System Message Bus Socket[0m.
[    5.508955] videodev: Linux video capture interface: v2.00
[    5.523775] input: pwr_button as /devices/platform/pwr_button/input/input0
[    5.542655] pispbe 1000880000.pisp_be: bcm2712_iommu_of_xlate: MMU 1000005100.iommu
[    5.543969] rpivid_hevc: module is from the staging directory, the quality is unknown, you have been warned.
[    5.561166] rpivid 1000800000.codec: bcm2712_iommu_of_xlate: MMU 1000005100.iommu
[    5.565912] pispbe 1000880000.pisp_be: Runtime PM usage count underflow!
[    5.572873] rpivid 1000800000.codec: Device registered as /dev/video19
[[0;32m  OK  [0m] Listening on [0;1;39mdropbear.socket[0m.
[    5.592617] cfg80211: Loading compiled-in X.509 certificates for regulatory database
[[0;32m  OK  [0m] Reached target [0;1;39mSocke[    5.603216] Loaded X.509 cert 'benh@debian.org: 577e021cb980e0e820821ba7b54b4961b8b4fadf'
t Units[0m.
[    5.613861] Loaded X.509 cert 'romain.perier@gmail.com: 3abbc6ec146e09d1b6016ab9d6cf71dd233f0328'
[    5.624061] Loaded X.509 cert 'sforshee: 00b28ddf47aef9cea7'
[    5.629977] Loaded X.509 cert 'wens: 61c038651aabdcf94bd0ac7ff06c7248db18c600'
[[0;32m  OK  [0m] Reached target [0;1;39mBasic System[0m.
[    5.662246] Bluetooth: Core ver 2.22
[    5.662853] brcmfmac: brcmf_fw_alloc_request: using brcm/brcmfmac43455-sdio for chip BCM4345/6
[    5.665860] NET: Registered PF_BLUETOOTH protocol family
[    5.674691] usbcore: registered new interface driver brcmfmac
[    5.679818] Bluetooth: HCI device and connection manager initialized
[    5.679826] Bluetooth: HCI socket layer initialized
[    5.696872] Bluetooth: L2CAP socket layer initialized
[    5.701951] Bluetooth: SCO socket layer initialized
[    5.710983] Bluetooth: HCI UART driver ver 2.3
[    5.715477] Bluetooth: HCI UART protocol H4 registered
         Starting [0;1;39mAvahi [    5.720702] Bluetooth: HCI UART protocol Three-wire (H5) registered
mDNS/DNS-SD Stack[0m...[    5.729996] hci_uart_bcm serial0-0: supply vbat not found, using dummy regulator

[    5.739400] Bluetooth: HCI UART protocol Broadcom registered
[    5.739974] hci_uart_bcm serial0-0: supply vddio not found, using dummy regulator
[[0;32m  OK  [0m] Started [0;1;39mKernel Logging Service[0m.
[[0;32m  OK  [0m] Started [0;1;39mSystem Logging Service[0m.
         Starting [0;1;39mD-Bus System Message Bus[0m...
         Starting [0;1;39mTelephony serv[    5.802444] audit: type=1334 audit(1748544504.783:9): prog-id=13 op=LOAD
ice[0m...
[    5.811096] audit: type=1334 audit(1748544504.791:10): prog-id=14 op=LOAD
[    5.819021] audit: type=1334 audit(1748544504.799:11): prog-id=15 op=LOAD
         Starting [0;1;39mUser L[    5.826696] audit: type=1334 audit(1748544504.807:12): prog-id=16 op=LOAD
ogin Management[0m...
         Starting [0;1;39mNetwork Configuration[0m...
[[0;32m  OK  [0m] Found device [0;1;39m/dev/disk/by-label/data[0m.
[[0;32m  OK  [0m] Started [0;1;39mD-Bus System Message Bus[0m.
[[0;32m  OK  [0m] Started [0;1;39mUser Login Management[0m.
         Starting [0;1;39mFile System Check on /dev/disk/by-label/data[0m...
[[0;32m  OK  [0m] Started [0;1;39mTelephony service[0m.
[[0;32m  OK  [0m] Started [0;1;39mAvahi mDNS/DNS-SD Stack[0m.
[    6.001450] spi_gpio: probe of spi-gpio failed with error -16
[    6.002512] brcmfmac: brcmf_c_process_txcap_blob: no txcap_blob available (err=-2)
[    6.015538] brcmfmac: brcmf_c_preinit_dcmds: Firmware: BCM4345/6 wl0: Aug 29 2023 01:47:08 version 7.45.265 (28bca26 CY) FWID 01-b677b91b
[[0;32m  OK  [0m] Listening on [0;1;39mLoad/Save RF Kill Switch Status /dev/rfkill Watch[0m.
         Starting [0;1;39mLoad/Save RF Kill Switch Status[0m...
         Starting [0;1;39mVirtual Console Setup[0m...
[    6.097007] macb 1f00100000.ethernet eth0: PHY [1f00100000.ethernet-ffffffff:01] driver [Broadcom BCM54213PE] (irq=POLL)
[    6.108045] macb 1f00100000.ethernet eth0: configuring for phy/rgmii-id link mode
[    6.110822] pps pps0: new PPS source ptp0
[    6.120853] Bluetooth: hci0: BCM: chip id 107
[    6.120909] macb 1f00100000.ethernet: gem-ptp-timer ptp clock registered.
[    6.132077] Bluetooth: hci0: BCM: features 0x2f
[    6.137759] Bluetooth: hci0: BCM4345C0
[    6.141548] Bluetooth: hci0: BCM4345C0 (003.001.025) build 0000
[    6.152624] Bluetooth: hci0: BCM4345C0 'brcm/BCM4345C0.hcd' Patch
[[0;32m  OK  [0m] Started [0;1;39mNetwork Configuration[0m.
[[0;32m  OK  [0m] Started [0;1;39mLoad/Save RF Kill Switch Status[0m.
[[0;32m  OK  [0m] Finished [0;1;39mFile System Check on /dev/disk/by-label/data[0m.
[[0;32m  OK  [0m] Created slice [0;1;39mSlice /system/bthelper[0m.
[[0;32m  OK  [0m] Reached target [0;1;39mNetwork[0m.
         Mounting [0;1;39m/data[0m...
[[0;32m  OK  [0m] Reached target [0;1;39mMulti-User System[0m.
         Starting [0;1;39mRaspberry Pi bluetooth helper[0m...
         Starting [0;1;39mRecord Runlevel Change in UTMP[0m...
[[0;32m  OK  [0m] Finished [0;1;39mRecord Runlevel Change in UTMP[0m.
[[0;32m  OK  [0m] Finished [0;1;39mVirtual Console Setup[0m.
[    6.254641] EXT4-fs (mmcblk0p5): mounted filesystem 3924175a-14b0-4a0f-bd47-0e87a1c1c592 r/w with ordered data mode. Quota mode: none.
[[0;32m  OK  [0m] Mounted [0;1;39m/data[0m.
[    6.853290] Bluetooth: hci0: BCM: features 0x2f
[    6.859159] Bluetooth: hci0: BCM43455 37.4MHz Raspberry Pi 3+-0190
[    6.865366] Bluetooth: hci0: BCM4345C0 (003.001.025) build 0382
[    6.871650] Bluetooth: hci0: BCM: Using default device address (43:45:c0:00:1f:ac)
[[0;32m  OK  [0m] Finished [0;1;39mRaspberry Pi bluetooth helper[0m.
         Starting [0;1;39mBluetooth service[0m...
[[0;32m  OK  [0m] Started [0;1;39mBluetooth service[0m.
[    6.990663] Bluetooth: BNEP (Ethernet Emulation) ver 1.3
[    6.996006] Bluetooth: BNEP filters: protocol multicast
[    7.001260] Bluetooth: BNEP socket layer initialized
[    7.010302] Bluetooth: MGMT ver 1.22
[    7.017452] NET: Registered PF_ALG protocol family
[    7.034011] Bluetooth: RFCOMM TTY layer initialized
[    7.038926] Bluetooth: RFCOMM socket layer initialized
[[0;32m  OK  [0m] Reached targe[    7.044155] Bluetooth: RFCOMM ver 1.11
t [0;1;39mBluetooth Support[0m.
[    7.061360] audit: type=1334 audit(1748544506.043:13): prog-id=17 op=LOAD
[    7.068188] audit: type=1334 audit(1748544506.047:14): prog-id=18 op=LOAD
[    7.075029] audit: type=1334 audit(1748544506.055:15): prog-id=19 op=LOAD
         Starting [0;1;39mHostname Service[0m...
[[0;32m  OK  [0m] Started [0;1;39mHostname Service[0m.
[    9.205689] macb 1f00100000.ethernet eth0: Link is Up - 1Gbps/Full - flow control tx
[[0m[0;31m*     [0m] A start job is running for /sys/dev…m/gpu/graphics/fb0 (6s / 1min 30s)
M[K[[0;1;31m*[0m[0;31m*    [0m] A start job is running for /sys/dev…m/gpu/graphics/fb0 (6s / 1min 30s)
M[K[[0;31m*[0;1;31m*[0m[0;31m*   [0m] A start job is running for /sys/dev…m/gpu/graphics/fb0 (7s / 1min 30s)
M[K[ [0;31m*[0;1;31m*[0m[0;31m*  [0m] A start job is running for /sys/dev…m/gpu/graphics/fb0 (7s / 1min 30s)
M[K[  [0;31m*[0;1;31m*[0m[0;31m* [0m] A start job is running for /sys/dev…m/gpu/graphics/fb0 (8s / 1min 30s)
M[K[   [0;31m*[0;1;31m*[0m[0;31m*[0m] A start job is running for /sys/dev…m/gpu/graphics/fb0 (8s / 1min 30s)
M[K[    [0;31m*[0;1;31m*[0m] A start job is running for /sys/dev…m/gpu/graphics/fb0 (9s / 1min 30s)
M[K[[0;32m  OK  [0m] Created slice [0;1;39mSlice /system/dropbear[0m.
[K         Starting [0;1;39mSSH Key Generation[0m...
[[0;32m  OK  [0m] Finished [0;1;39mSSH Key Generation[0m.
[[0;32m  OK  [0m] Started [0;1;39mSSH Per-Connection Server (192.168.10.224:53028)[0m.
[[0;32m  OK  [0m] Started [0;1;39mSSH Per-Connection Server (192.168.10.224:53034)[0m.
[     [0;31m*[0m] A start job is running for /sys/dev…/gpu/graphics/fb0 (12s / 1min 30s)
M[K[    [0;31m*[0;1;31m*[0m] A start job is running for /sys/dev…/gpu/graphics/fb0 (12s / 1min 30s)
M[K[   [0;31m*[0;1;31m*[0m[0;31m*[0m] A start job is running for /sys/dev…/gpu/graphics/fb0 (13s / 1min 30s)
M[K[  [0;31m*[0;1;31m*[0m[0;31m* [0m] A start job is running for /sys/dev…/gpu/graphics/fb0 (13s / 1min 30s)
M[K[ [0;31m*[0;1;31m*[0m[0;31m*  [0m] A start job is running for /sys/dev…/gpu/graphics/fb0 (14s / 1min 30s)
M[K[[0;31m*[0;1;31m*[0m[0;31m*   [0m] A start job is running for /sys/dev…/gpu/graphics/fb0 (15s / 1min 30s)
M[K[[0;1;31m*[0m[0;31m*    [0m] A start job is running for /sys/dev…/gpu/graphics/fb0 (15s / 1min 30s)
M[K[[0m[0;31m*     [0m] A start job is running for /sys/dev…/gpu/graphics/fb0 (16s / 1min 30s)
M[K[[0;1;31m*[0m[0;31m*    [0m] A start job is running for /sys/dev…/gpu/graphics/fb0 (16s / 1min 30s)
M[K[[0;31m*[0;1;31m*[0m[0;31m*   [0m] A start job is running for /sys/dev…/gpu/graphics/fb0 (17s / 1min 30s)
M[K[ [0;31m*[0;1;31m*[0m[0;31m*  [0m] A start job is running for /sys/dev…/gpu/graphics/fb0 (17s / 1min 30s)
M[K[  [0;31m*[0;1;31m*[0m[0;31m* [0m] A start job is running for /sys/dev…/gpu/graphics/fb0 (18s / 1min 30s)
M[K[   [0;31m*[0;1;31m*[0m[0;31m*[0m] A start job is running for /sys/dev…/gpu/graphics/fb0 (19s / 1min 30s)
M[K[    [0;31m*[0;1;31m*[0m] A start job is running for /sys/dev…/gpu/graphics/fb0 (19s / 1min 30s)
M[K[     [0;31m*[0m] A start job is running for /sys/dev…/gpu/graphics/fb0 (20s / 1min 30s)
M[K[    [0;31m*[0;1;31m*[0m] A start job is running for /sys/dev…/gpu/graphics/fb0 (20s / 1min 30s)
M[K[   [0;31m*[0;1;31m*[0m[0;31m*[0m] A start job is running for /sys/dev…/gpu/graphics/fb0 (21s / 1min 30s)
M[K[  [0;31m*[0;1;31m*[0m[0;31m* [0m] A start job is running for /sys/dev…/gpu/graphics/fb0 (22s / 1min 30s)
M[K[[0;32m  OK  [0m] Started [0;1;39mSSH Per-Connection Server (192.168.10.224:58392)[0m.
[K[   25.743837] raspberrypi-firmware soc:firmware: Request 0x00030093 returned status 0x80000001
[ [0;31m*[0;1;31m*[0m[0;31m*  [0m] A start job is running for /sys/dev…/gpu/graphics/fb0 (24s / 1min 30s)
M[K[[0;31m*[0;1;31m*[0m[0;31m*   [0m] A start job is running for /sys/dev…/gpu/graphics/fb0 (24s / 1min 30s)
M[K[[0;1;31m*[0m[0;31m*    [0m] A start job is running for /sys/dev…/gpu/graphics/fb0 (25s / 1min 30s)
M[K[[0m[0;31m*     [0m] A start job is running for /sys/dev…/gpu/graphics/fb0 (26s / 1min 30s)
M[K[[0;1;31m*[0m[0;31m*    [0m] A start job is running for /sys/dev…/gpu/graphics/fb0 (26s / 1min 30s)
M[K[[0;31m*[0;1;31m*[0m[0;31m*   [0m] A start job is running for /sys/dev…/gpu/graphics/fb0 (27s / 1min 30s)
M[K[ [0;31m*[0;1;31m*[0m[0;31m*  [0m] A start job is running for /sys/dev…/gpu/graphics/fb0 (27s / 1min 30s)
M[K[  [0;31m*[0;1;31m*[0m[0;31m* [0m] A start job is running for /sys/dev…/gpu/graphics/fb0 (28s / 1min 30s)
M[K[   [0;31m*[0;1;31m*[0m[0;31m*[0m] A start job is running for /sys/dev…/gpu/graphics/fb0 (28s / 1min 30s)
M[K[    [0;31m*[0;1;31m*[0m] A start job is running for /sys/dev…/gpu/graphics/fb0 (29s / 1min 30s)
M[K[     [0;31m*[0m] A start job is running for /sys/dev…/gpu/graphics/fb0 (30s / 1min 30s)
M[K[    [0;31m*[0;1;31m*[0m] A start job is running for /sys/dev…/gpu/graphics/fb0 (30s / 1min 30s)
M[K[   [0;31m*[0;1;31m*[0m[0;31m*[0m] A start job is running for /sys/dev…/gpu/graphics/fb0 (31s / 1min 30s)
M[K[  [0;31m*[0;1;31m*[0m[0;31m* [0m] A start job is running for /sys/dev…/gpu/graphics/fb0 (31s / 1min 30s)
M[K[ [0;31m*[0;1;31m*[0m[0;31m*  [0m] A start job is running for /sys/dev…/gpu/graphics/fb0 (32s / 1min 30s)
M[K[[0;31m*[0;1;31m*[0m[0;31m*   [0m] A start job is running for /sys/dev…/gpu/graphics/fb0 (33s / 1min 30s)
M[K[[0;1;31m*[0m[0;31m*    [0m] A start job is running for /sys/dev…/gpu/graphics/fb0 (33s / 1min 30s)
M[K[[0m[0;31m*     [0m] A start job is running for /sys/dev…/gpu/graphics/fb0 (34s / 1min 30s)
M[K[[0;1;31m*[0m[0;31m*    [0m] A start job is running for /sys/dev…/gpu/graphics/fb0 (34s / 1min 30s)
M[K[[0;31m*[0;1;31m*[0m[0;31m*   [0m] A start job is running for /sys/dev…/gpu/graphics/fb0 (35s / 1min 30s)
M[K[ [0;31m*[0;1;31m*[0m[0;31m*  [0m] A start job is running for /sys/dev…/gpu/graphics/fb0 (35s / 1min 30s)
M[K[  [0;31m*[0;1;31m*[0m[0;31m* [0m] A start job is running for /sys/dev…/gpu/graphics/fb0 (36s / 1min 30s)
M[K[   [0;31m*[0;1;31m*[0m[0;31m*[0m] A start job is running for /sys/dev…/gpu/graphics/fb0 (37s / 1min 30s)
M[K[    [0;31m*[0;1;31m*[0m] A start job is running for /sys/dev…/gpu/graphics/fb0 (37s / 1min 30s)
M[K[     [0;31m*[0m] A start job is running for /sys/dev…/gpu/graphics/fb0 (38s / 1min 30s)
M[K[[0;32m  OK  [0m] Started [0;1;39mSSH Per-Connection Server (192.168.10.224:38818)[0m.
[K[   42.512697] audit: type=1334 audit(1748544541.495:16): prog-id=19 op=UNLOAD
[   42.519700] audit: type=1334 audit(1748544541.495:17): prog-id=18 op=UNLOAD
[   42.526702] audit: type=1334 audit(1748544541.495:18): prog-id=17 op=UNLOAD
[    [0;31m*[0;1;31m*[0m] A start job is running for /sys/dev…/gpu/graphics/fb0 (40s / 1min 30s)
M[K[   [0;31m*[0;1;31m*[0m[0;31m*[0m] A start job is running for /sys/dev…/gpu/graphics/fb0 (41s / 1min 30s)
M[K[  [0;31m*[0;1;31m*[0m[0;31m* [0m] A start job is running for /sys/dev…/gpu/graphics/fb0 (41s / 1min 30s)
M[K[ [0;31m*[0;1;31m*[0m[0;31m*  [0m] A start job is running for /sys/dev…/gpu/graphics/fb0 (42s / 1min 30s)
M[K[[0;31m*[0;1;31m*[0m[0;31m*   [0m] A start job is running for /sys/dev…/gpu/graphics/fb0 (42s / 1min 30s)
M[K[[0;1;31m*[0m[0;31m*    [0m] A start job is running for /sys/dev…/gpu/graphics/fb0 (43s / 1min 30s)
M[K[[0m[0;31m*     [0m] A start job is running for /sys/dev…/gpu/graphics/fb0 (44s / 1min 30s)
M[K[[0;1;31m*[0m[0;31m*    [0m] A start job is running for /sys/dev…/gpu/graphics/fb0 (44s / 1min 30s)
M[K[[0;31m*[0;1;31m*[0m[0;31m*   [0m] A start job is running for /sys/dev…/gpu/graphics/fb0 (45s / 1min 30s)
M[K[ [0;31m*[0;1;31m*[0m[0;31m*  [0m] A start job is running for /sys/dev…/gpu/graphics/fb0 (45s / 1min 30s)
M[K[  [0;31m*[0;1;31m*[0m[0;31m* [0m] A start job is running for /sys/dev…/gpu/graphics/fb0 (46s / 1min 30s)
M[K[   [0;31m*[0;1;31m*[0m[0;31m*[0m] A start job is running for /sys/dev…/gpu/graphics/fb0 (46s / 1min 30s)
M[K[    [0;31m*[0;1;31m*[0m] A start job is running for /sys/dev…/gpu/graphics/fb0 (47s / 1min 30s)
M[K[     [0;31m*[0m] A start job is running for /sys/dev…/gpu/graphics/fb0 (47s / 1min 30s)
M[K[    [0;31m*[0;1;31m*[0m] A start job is running for /sys/dev…/gpu/graphics/fb0 (48s / 1min 30s)
M[K[   [0;31m*[0;1;31m*[0m[0;31m*[0m] A start job is running for /sys/dev…/gpu/graphics/fb0 (48s / 1min 30s)
M[K[  [0;31m*[0;1;31m*[0m[0;31m* [0m] A start job is running for /sys/dev…/gpu/graphics/fb0 (49s / 1min 30s)
M[K[ [0;31m*[0;1;31m*[0m[0;31m*  [0m] A start job is running for /sys/dev…/gpu/graphics/fb0 (49s / 1min 30s)
M[K[[0;32m  OK  [0m] Started [0;1;39mSSH Per-Connection Server (192.168.10.224:44516)[0m.
[K[[0;32m  OK  [0m] Started [0;1;39mSSH Per-Connection Server (192.168.10.224:52908)[0m.
[[0;31m*[0;1;31m*[0m[0;31m*   [0m] A start job is running for /sys/dev…/gpu/graphics/fb0 (52s / 1min 30s)
M[K[[0;1;31m*[0m[0;31m*    [0m] A start job is running for /sys/dev…/gpu/graphics/fb0 (53s / 1min 30s)
M[K[[0m[0;31m*     [0m] A start job is running for /sys/dev…/gpu/graphics/fb0 (53s / 1min 30s)
M[K[[0;1;31m*[0m[0;31m*    [0m] A start job is running for /sys/dev…/gpu/graphics/fb0 (54s / 1min 30s)
M[K[[0;31m*[0;1;31m*[0m[0;31m*   [0m] A start job is running for /sys/dev…/gpu/graphics/fb0 (54s / 1min 30s)
M[K[ [0;31m*[0;1;31m*[0m[0;31m*  [0m] A start job is running for /sys/dev…/gpu/graphics/fb0 (55s / 1min 30s)
M[K[  [0;31m*[0;1;31m*[0m[0;31m* [0m] A start job is running for /sys/dev…/gpu/graphics/fb0 (55s / 1min 30s)
M[K[   [0;31m*[0;1;31m*[0m[0;31m*[0m] A start job is running for /sys/dev…/gpu/graphics/fb0 (56s / 1min 30s)
M[K[    [0;31m*[0;1;31m*[0m] A start job is running for /sys/dev…/gpu/graphics/fb0 (56s / 1min 30s)
M[K[     [0;31m*[0m] A start job is running for /sys/dev…/gpu/graphics/fb0 (57s / 1min 30s)
M[K[    [0;31m*[0;1;31m*[0m] A start job is running for /sys/dev…/gpu/graphics/fb0 (57s / 1min 30s)
M[K[   [0;31m*[0;1;31m*[0m[0;31m*[0m] A start job is running for /sys/dev…/gpu/graphics/fb0 (58s / 1min 30s)
M[K[  [0;31m*[0;1;31m*[0m[0;31m* [0m] A start job is running for /sys/dev…/gpu/graphics/fb0 (58s / 1min 30s)
M[K[ [0;31m*[0;1;31m*[0m[0;31m*  [0m] A start job is running for /sys/dev…/gpu/graphics/fb0 (59s / 1min 30s)
M[K[[0;31m*[0;1;31m*[0m[0;31m*   [0m] A start job is running for /sys/dev…/gpu/graphics/fb0 (59s / 1min 30s)
M[K[[0;1;31m*[0m[0;31m*    [0m] A start job is running for /sys/dev…gpu/graphics/fb0 (1min / 1min 30s)
M[K[[0m[0;31m*     [0m] A start job is running for /sys/dev…gpu/graphics/fb0 (1min / 1min 30s)
M[K[[0;1;31m*[0m[0;31m*    [0m] A start job is running for /sys/dev…/graphics/fb0 (1min 1s / 1min 30s)
M[K[[0;31m*[0;1;31m*[0m[0;31m*   [0m] A start job is running for /sys/dev…/graphics/fb0 (1min 1s / 1min 30s)
M[K[ [0;31m*[0;1;31m*[0m[0;31m*  [0m] A start job is running for /sys/dev…/graphics/fb0 (1min 2s / 1min 30s)
M[K[  [0;31m*[0;1;31m*[0m[0;31m* [0m] A start job is running for /sys/dev…/graphics/fb0 (1min 2s / 1min 30s)
M[K[   [0;31m*[0;1;31m*[0m[0;31m*[0m] A start job is running for /sys/dev…/graphics/fb0 (1min 3s / 1min 30s)
M[K[    [0;31m*[0;1;31m*[0m] A start job is running for /sys/dev…/graphics/fb0 (1min 3s / 1min 30s)
M[K[     [0;31m*[0m] A start job is running for /sys/dev…/graphics/fb0 (1min 4s / 1min 30s)
M[K[    [0;31m*[0;1;31m*[0m] A start job is running for /sys/dev…/graphics/fb0 (1min 4s / 1min 30s)
M[K[   [0;31m*[0;1;31m*[0m[0;31m*[0m] A start job is running for /sys/dev…/graphics/fb0 (1min 5s / 1min 30s)
M[K[  [0;31m*[0;1;31m*[0m[0;31m* [0m] A start job is running for /sys/dev…/graphics/fb0 (1min 5s / 1min 30s)
M[K[ [0;31m*[0;1;31m*[0m[0;31m*  [0m] A start job is running for /sys/dev…/graphics/fb0 (1min 6s / 1min 30s)
M[K[[0;31m*[0;1;31m*[0m[0;31m*   [0m] A start job is running for /sys/dev…/graphics/fb0 (1min 6s / 1min 30s)
M[K[[0;1;31m*[0m[0;31m*    [0m] A start job is running for /sys/dev…/graphics/fb0 (1min 7s / 1min 30s)
M[K[[0m[0;31m*     [0m] A start job is running for /sys/dev…/graphics/fb0 (1min 7s / 1min 30s)
M[K[[0;1;31m*[0m[0;31m*    [0m] A start job is running for /sys/dev…/graphics/fb0 (1min 8s / 1min 30s)
M[K[[0;31m*[0;1;31m*[0m[0;31m*   [0m] A start job is running for /sys/dev…/graphics/fb0 (1min 8s / 1min 30s)
M[K[ [0;31m*[0;1;31m*[0m[0;31m*  [0m] A start job is running for /sys/dev…/graphics/fb0 (1min 9s / 1min 30s)
M[K[  [0;31m*[0;1;31m*[0m[0;31m* [0m] A start job is running for /sys/dev…/graphics/fb0 (1min 9s / 1min 30s)
M[K[   [0;31m*[0;1;31m*[0m[0;31m*[0m] A start job is running for /sys/dev…graphics/fb0 (1min 10s / 1min 30s)
M[K[    [0;31m*[0;1;31m*[0m] A start job is running for /sys/dev…graphics/fb0 (1min 10s / 1min 30s)
M[K[     [0;31m*[0m] A start job is running for /sys/dev…graphics/fb0 (1min 11s / 1min 30s)
M[K[    [0;31m*[0;1;31m*[0m] A start job is running for /sys/dev…graphics/fb0 (1min 11s / 1min 30s)
M[K[   [0;31m*[0;1;31m*[0m[0;31m*[0m] A start job is running for /sys/dev…graphics/fb0 (1min 12s / 1min 30s)
M[K[  [0;31m*[0;1;31m*[0m[0;31m* [0m] A start job is running for /sys/dev…graphics/fb0 (1min 12s / 1min 30s)
M[K[ [0;31m*[0;1;31m*[0m[0;31m*  [0m] A start job is running for /sys/dev…graphics/fb0 (1min 13s / 1min 30s)
M[K[[0;31m*[0;1;31m*[0m[0;31m*   [0m] A start job is running for /sys/dev…graphics/fb0 (1min 13s / 1min 30s)
M[K[[0;1;31m*[0m[0;31m*    [0m] A start job is running for /sys/dev…graphics/fb0 (1min 14s / 1min 30s)
M[K[[0m[0;31m*     [0m] A start job is running for /sys/dev…graphics/fb0 (1min 14s / 1min 30s)
M[K[[0;1;31m*[0m[0;31m*    [0m] A start job is running for /sys/dev…graphics/fb0 (1min 15s / 1min 30s)
M[K[[0;31m*[0;1;31m*[0m[0;31m*   [0m] A start job is running for /sys/dev…graphics/fb0 (1min 15s / 1min 30s)
M[K[ [0;31m*[0;1;31m*[0m[0;31m*  [0m] A start job is running for /sys/dev…graphics/fb0 (1min 16s / 1min 30s)
M[K[  [0;31m*[0;1;31m*[0m[0;31m* [0m] A start job is running for /sys/dev…graphics/fb0 (1min 16s / 1min 30s)
M[K[   [0;31m*[0;1;31m*[0m[0;31m*[0m] A start job is running for /sys/dev…graphics/fb0 (1min 17s / 1min 30s)
M[K[    [0;31m*[0;1;31m*[0m] A start job is running for /sys/dev…graphics/fb0 (1min 17s / 1min 30s)
M[K[     [0;31m*[0m] A start job is running for /sys/dev…graphics/fb0 (1min 18s / 1min 30s)
M[K[    [0;31m*[0;1;31m*[0m] A start job is running for /sys/dev…graphics/fb0 (1min 18s / 1min 30s)
M[K[   [0;31m*[0;1;31m*[0m[0;31m*[0m] A start job is running for /sys/dev…graphics/fb0 (1min 19s / 1min 30s)
M[K[  [0;31m*[0;1;31m*[0m[0;31m* [0m] A start job is running for /sys/dev…graphics/fb0 (1min 19s / 1min 30s)
M[K[ [0;31m*[0;1;31m*[0m[0;31m*  [0m] A start job is running for /sys/dev…graphics/fb0 (1min 20s / 1min 30s)
M[K[[0;31m*[0;1;31m*[0m[0;31m*   [0m] A start job is running for /sys/dev…graphics/fb0 (1min 20s / 1min 30s)
M[K[[0;1;31m*[0m[0;31m*    [0m] A start job is running for /sys/dev…graphics/fb0 (1min 21s / 1min 30s)
M[K[[0m[0;31m*     [0m] A start job is running for /sys/dev…graphics/fb0 (1min 21s / 1min 30s)
M[K[[0;1;31m*[0m[0;31m*    [0m] A start job is running for /sys/dev…graphics/fb0 (1min 22s / 1min 30s)
M[K[[0;31m*[0;1;31m*[0m[0;31m*   [0m] A start job is running for /sys/dev…graphics/fb0 (1min 22s / 1min 30s)
M[K[ [0;31m*[0;1;31m*[0m[0;31m*  [0m] A start job is running for /sys/dev…graphics/fb0 (1min 23s / 1min 30s)
M[K[  [0;31m*[0;1;31m*[0m[0;31m* [0m] A start job is running for /sys/dev…graphics/fb0 (1min 23s / 1min 30s)
M[K[   [0;31m*[0;1;31m*[0m[0;31m*[0m] A start job is running for /sys/dev…graphics/fb0 (1min 24s / 1min 30s)
M[K[    [0;31m*[0;1;31m*[0m] A start job is running for /sys/dev…graphics/fb0 (1min 24s / 1min 30s)
M[K[     [0;31m*[0m] A start job is running for /sys/dev…graphics/fb0 (1min 25s / 1min 30s)
M[K[    [0;31m*[0;1;31m*[0m] A start job is running for /sys/dev…graphics/fb0 (1min 25s / 1min 30s)
M[K[   [0;31m*[0;1;31m*[0m[0;31m*[0m] A start job is running for /sys/dev…graphics/fb0 (1min 26s / 1min 30s)
M[K[  [0;31m*[0;1;31m*[0m[0;31m* [0m] A start job is running for /sys/dev…graphics/fb0 (1min 26s / 1min 30s)
M[K[ [0;31m*[0;1;31m*[0m[0;31m*  [0m] A start job is running for /sys/dev…graphics/fb0 (1min 27s / 1min 30s)
M[K[[0;31m*[0;1;31m*[0m[0;31m*   [0m] A start job is running for /sys/dev…graphics/fb0 (1min 27s / 1min 30s)
M[K[[0;1;31m*[0m[0;31m*    [0m] A start job is running for /sys/dev…graphics/fb0 (1min 28s / 1min 30s)
M[K[[0m[0;31m*     [0m] A start job is running for /sys/dev…graphics/fb0 (1min 28s / 1min 30s)
M[K[[0;1;31m*[0m[0;31m*    [0m] A start job is running for /sys/dev…graphics/fb0 (1min 29s / 1min 30s)
M[K[[0;31m*[0;1;31m*[0m[0;31m*   [0m] A start job is running for /sys/dev…graphics/fb0 (1min 29s / 1min 30s)
M[K[ [0;31m*[0;1;31m*[0m[0;31m*  [0m] A start job is running for /sys/dev…graphics/fb0 (1min 30s / 1min 30s)
M[K[[0;1;31m TIME [0m] Timed out waiting for device [0;1;39m/sys/devices/platform/gpu/graphics/fb0[0m.
[K[[0;1;38;5;185mDEPEND[0m] Dependency failed for [0;1;39mStart psplash boot splash screen[0m.
[[0;1;38;5;185mDEPEND[0m] Dependency failed for [0;1;39mStart psplas…temd progress communication helper[0m.
[[0;32m  OK  [0m] Removed slice [0;1;39mSlice /system/dropbear[0m.
[[0;32m  OK  [0m] Removed slice [0;1;39mSlice /system/modprobe[0m.
[[0;32m  OK  [0m] Stopped target [0;1;39mBluetooth Support[0m.
[[0;32m  OK  [0m] Stopped target [0;1;39mMulti-User System[0m.
[[0;32m  OK  [0m] Stopped target [0;1;39mLogin Prompts[0m.
[[0;32m  OK  [0m] Stopped target [0;1;39mNetwork[0m.
[[0;32m  OK  [0m] Stopped target [0;1;39mHost and Network Name Lookups[0m.
[[0;32m  OK  [0m] Stopped target [0;1;39mRemote File Systems[0m.
[[0;32m  OK  [0m] Stopped target [0;1;39mRPC Port Mapper[0m.
[[0;32m  OK  [0m] Stopped target [0;1;39mSystem Time Set[0m.
[[0;32m  OK  [0m] Stopped target [0;1;39mTimer Units[0m.
[[0;32m  OK  [0m] Stopped [0;1;39mDaily Cleanup of Temporary Directories[0m.
[[0;32m  OK  [0m] Closed [0;1;39mLoad/Save RF Kill Switch Status /dev/rfkill Watch[0m.
         Stopping [0;1;39mAvahi mDNS/DNS-SD Stack[0m...
         Stopping [0;1;39mBluetooth service[0m...
         Stopping [0;1;39mKernel Logging Service[0m...
         Stopping [0;1;39mSystem Logging Service[0m...
         Stopping [0;1;39mD-Bus System Message Bus[0m...
         Stopping [0;1;39mTelephony service[0m...
         Stopping [0;1;39mUser Login Management[0m...
         Stopping [0;1;39mNetwork Configuration[0m...
         Stopping [0;1;39mLoad/Save OS Random Seed[0m...
[[0;32m  OK  [0m] Stopped [0;1;39mSSH Key Generation[0m.
         Unmounting [0;1;39m/data[0m...
[[0;32m  OK  [0m] Stopped [0;1;39mAvahi mDNS/DNS-SD Stack[0m.
[[0;32m  OK  [0m] Stopped [0;1[  122.942967] EXT4-fs (mmcblk0p5): unmounting filesystem 3924175a-14b0-4a0f-bd47-0e87a1c1c592.
;39mKernel Logging Service[0m.
[[0;32m  OK  [0m] Stopped [0;1;39mSystem Logging Service[0m.
[[0;32m  OK  [0m] Stopped [0;1;39mD-Bus System Message Bus[0m.
[[0;32m  OK  [0m] Stopped [0;1;39mTelephony service[0m.
[[0;32m  OK  [0m] Stopped [0;1;39mUser Login Management[0m.
[[0;32m  OK  [0m] Stopped [0;1;39mNetwork Configuration[0m.
[[0;32m  OK  [0m] Stopped [0;1;39mBluetooth service[0m.
[[0;32m  OK  [0m] Stopped [0;1;39mLoad/Save OS Random Seed[0m.
[[0;32m  OK  [0m] Unmounted [0;1;39m/data[0m.
[  123.083943] audit: type=1334 audit(1790429556.817:19): prog-id=16 op=UNLOAD
[  123.090959] audit: type=1334 audit(1790429556.817:20): prog-id=13 op=UNLOAD
[[0;32m  OK  [0m] Stopped target [0;1;39mPreparation for Network[0m.
[[0;32m  OK  [0m] Stopped [0;1;39mRaspberry Pi bluetooth helper[0m.
[[0;32m  OK  [0m] Removed slice [0;1;39mSlice /system/bthelper[0m.
[[0;32m  OK  [0m] Stopped target [0;1;39mBasic System[0m.
[[0;32m  OK  [0m] Stopped target [0;1;39mPath Units[0m.
[[0;32m  OK  [0m] Stopped [0;1;39mDispatch Password Requests to Console Directory Watch[0m.
[[0;32m  OK  [0m] Stopped [0;1;39mForward Password Requests to Wall Directory Watch[0m.
[[0;32m  OK  [0m] Stopped target [0;1;39mSlice Units[0m.
[[0;32m  OK  [0m] Removed slice [0;1;39mUser and Session Slice[0m.
[[0;32m  OK  [0m] Stopped target [0;1;39mSocket Units[0m.
[[0;32m  OK  [0m] Closed [0;1;39mAvahi mDNS/DNS-SD Stack Activation Socket[0m.
[[0;32m  OK  [0m] Closed [0;1;39mD-Bus System Message Bus Socket[0m.
[[0;32m  OK  [0m] Closed [0;1;39mdropbear.socket[0m.
[[0;32m  OK  [0m] Stopped target [0;1;39mSystem Initialization[0m.
[[0;32m  OK  [0m] Closed [0;1;39mSyslog Socket[0m.
[[0;32m  OK  [0m] Closed [0;1;39mNetwork Service Netlink Socket[0m.
[[0;32m  OK  [0m] Stopped [0;1;39mFile System Check on /dev/disk/by-label/data[0m.
[[0;32m  OK  [0m] Removed slice [0;1;39mSlice /system/systemd-fsck[0m.
[[0;32m  OK  [0m] Stopped [0;1;39mGenerate network units from Kernel command line[0m.
         Stopping [0;1;39mNetwork Name Resolution[0m...
         Stopping [0;1;39mNetwork Time Synchronization[0m...
         Stopping [0;1;39mRecord System Boot/Shutdown in UTMP[0m...
[[0;32m  OK  [0m] Stopped [0;1;39mNetwork Name Resolution[0m.
[[0;32m  OK  [0m] Stopped [0;1;39mNetwork Time Synchronization[0m.
[  123.497525] audit: type=1334 audit(1790429557.233:21): prog-id=12 op=UNLOAD
[  123.504547] audit: type=1334 audit(1790429557.233:22): prog-id=11 op=UNLOAD
[[0;32m  OK  [0m] Stopped [0;1;39mApply Kernel Variables[0m.
[[0;32m  OK  [0m] Stopped [0;1;39mRecord System Boot/Shutdown in UTMP[0m.
[[0;32m  OK  [0m] Stopped [0;1;39mCreate System Files and Directories[0m.
[[0;32m  OK  [0m] Stopped target [0;1;39mLocal File Systems[0m.
         Unmounting [0;1;39m/etc/machine-id[0m...
         Unmounting [0;1;39m/srv[0m...
         Unmounting [0;1;39mTemporary Directory /tmp[0m...
         Unmounting [0;1;39m/var/cache[0m...
         Unmounting [0;1;39m/var/lib[0m...
         Unmounting [0;1;39m/var/spool[0m...
         Stopping [0;1;39mBind mount volatile /var/cache[0m...
         Stopping [0;1;39mBind mount volatile /var/lib[0m...
         Stopping [0;1;39mBind mount volatile /var/spool[0m...
         Stopping [0;1;39mBind mount volatile /srv[0m...
[[0;32m  OK  [0m] Unmounted [0;1;39m/etc/machine-id[0m.
[[0;32m  OK  [0m] Unmounted [0;1;39m/srv[0m.
[[0;32m  OK  [0m] Unmounted [0;1;39mTemporary Directory /tmp[0m.
[[0;32m  OK  [0m] Unmounted [0;1;39m/var/cache[0m.
[[0;32m  OK  [0m] Unmounted [0;1;39m/var/lib[0m.
[[0;32m  OK  [0m] Unmounted [0;1;39m/var/spool[0m.
[[0;32m  OK  [0m] Stopped [0;1;39mBind mount volatile /var/cache[0m.
[[0;32m  OK  [0m] Stopped [0;1;39mBind mount volatile /var/lib[0m.
[[0;32m  OK  [0m] Stopped [0;1;39mBind mount volatile /var/spool[0m.
[[0;32m  OK  [0m] Stopped [0;1;39mBind mount volatile /srv[0m.
         Unmounting [0;1;39m/var/volatile[0m...
[[0;32m  OK  [0m] Unmounted [0;1;39m/var/volatile[0m.
[[0;32m  OK  [0m] Stopped target [0;1;39mPreparation for Local File Systems[0m.
[[0;32m  OK  [0m] Stopped target [0;1;39mSwaps[0m.
[[0;32m  OK  [0m] Reached target [0;1;39mUnmount All Filesystems[0m.
[[0;32m  OK  [0m] Stopped [0;1;39mRemount Root and Kernel File Systems[0m.
[[0;32m  OK  [0m] Stopped [0;1;39mCreate Static Device Nodes in /dev[0m.
[[0;32m  OK  [0m] Stopped [0;1;39mCreate Static Device Nodes in /dev gracefully[0m.
[[0;32m  OK  [0m] Reached target [0;1;39mSystem Shutdown[0m.
[[0;32m  OK  [0m] Reached target [0;1;39mLate Shutdown Services[0m.
[[0;32m  OK  [0m] Finished [0;1;39mSystem Reboot[0m.
[[0;32m  OK  [0m] Reached target [0;1;39mSystem Reboot[0m.
[  124.131757] audit: type=1334 audit(1790429557.865:23): prog-id=10 op=UNLOAD
[  124.138774] audit: type=1334 audit(1790429557.865:24): prog-id=9 op=UNLOAD
[  124.145688] audit: type=1334 audit(1790429557.865:25): prog-id=8 op=UNLOAD
[  124.152598] audit: type=1334 audit(1790429557.865:26): prog-id=15 op=UNLOAD
[  124.159592] audit: type=1334 audit(1790429557.865:27): prog-id=14 op=UNLOAD
[  124.166585] audit: type=1334 audit(1790429557.869:28): prog-id=7 op=UNLOAD
[  124.173679] watchdog: watchdog0: watchdog did not stop!
[  124.189742] systemd-shutdown[1]: Using hardware watchdog 'Broadcom BCM2835 Watchdog timer', version 0, device /dev/watchdog0
[  124.201044] systemd-shutdown[1]: Watchdog running with a hardware timeout of 1min.
[  124.237832] systemd-shutdown[1]: Syncing filesystems and block devices.
[  124.244570] systemd-shutdown[1]: Sending SIGTERM to remaining processes...
[  124.255419] systemd-journald[140]: Received SIGTERM from PID 1 (systemd-shutdow).
[  124.263478] systemd-shutdown[1]: Sending SIGKILL to remaining processes...
[  124.272999] systemd-shutdown[1]: Unmounting file systems.
[  124.278597] systemd-shutdown[1]: All filesystems unmounted.
[  124.284191] systemd-shutdown[1]: Deactivating swaps.
[  124.289193] systemd-shutdown[1]: All swaps deactivated.
[  124.294440] systemd-shutdown[1]: Detaching loop devices.
[  124.301116] systemd-shutdown[1]: All loop devices detached.
[  124.306947] systemd-shutdown[1]: Stopping MD devices.
[  124.312146] systemd-shutdown[1]: All MD devices stopped.
[  124.317529] systemd-shutdown[1]: Detaching DM devices.
[  124.322858] systemd-shutdown[1]: Not all DM devices detached, 1 left.
[  124.329358] systemd-shutdown[1]: Detaching DM devices.
[  124.334655] systemd-shutdown[1]: Not all DM devices detached, 1 left.
[  124.341124] systemd-shutdown[1]: Cannot finalize remaining DM devices, continuing.
[  124.393235] systemd-shutdown[1]: Unable to finalize remaining DM devices, ignoring.
[  124.401140] systemd-shutdown[1]: Syncing filesystems and block devices.
[  124.407813] systemd-shutdown[1]: Rebooting with argument '0 tryboot'.
[  124.468777] macb 1f00100000.ethernet eth0: Link is Down
[  124.474795] macb 1f00100000.ethernet: gem-ptp-timer ptp clock unregistered.
[  124.482221] kvm: exiting hardware virtualization
[  124.486863] reboot: Restarting system with command '0 tryboot'

  1.87 RPi: BOOTSYS release VERSION:465206a2 DATE: 2026/09/10 TIME: 00:06:58
  1.87 MFG_VER: 1
  1.87 BOOTMODE: 0x06 partition 0 build-ts BUILD_TIMESTAMP=1788998818 serial 0af4f481 boardrev a04171 stc 1877688
  1.88 AON_RESET: 00000003 PM_RSTS 00001020
  1.89 POWER_OFF_ON_HALT: 1 WAIT_FOR_POWER_BUTTON 0 power-on-reset 0
  1.89 EEPROM ID 0xef4015
  1.90 SFDP v1.5 Param v1.5 Capacity 2048KB
  1.90 RP1_BOOT chip ID: 0x20001927
  1.91 PCIEx1: PWR 0 DET_WAKE 0
  1.91 part 00000000 reset_info 00000001
  1.91 PMIC power-on reset-event 00000000 rtc 6ab7c978 alarm 00000000 enabled 0
  1.92 uSD voltage 3.3V
  1.93 SDRAM_CONFIG: 07 board-rev 00000001
  1.93 Initialising SDRAM rank 1 total-size: 8Gbit part: 0 (0x07 0x07) odt: 0
  1.93 memsys_init: 0 8Gbit MCB 0x80015ff0: 7880
  1.94 DDR 4267 Mbps dual-rank:0 byte-mode:0 size-gbit:8 part-config:0 odt:0
  2.44 RP1 FW: load 0
  2.45 RP1_BOOT chip ID: 0x20001927
  3.23 RP1 FW: load 1
  3.65 OTP boardrev a04171 bootrom a a
  3.65 Customer key hash 0e4da3d85c697bf14d80c93d4257754edc7ab80290b0ce317823182b782160b0
  3.66 VC-JTAG unlocked
  3.83 TRYBOOT
  3.68 RP1_BOOT chip ID: 0x20001927
  3.69 bootconf.sig
  3.69 hash: 06ff27260a405355d7a129c13dd9b8e16335c0311831468aeb2e886740c7ac28
  3.69 rsa2048: bc31e3bef2ea2b7e487911a21680abd1f3b27c064d6260c3dd48f5fc94757d2263ee3db58a4760778da95a08c69acad45affbb513ba9afabaf26ffa4f3edb1bb9889554c1e2a1d0428d07f4b3fa52688d6182d891216d601525a675016b417669e32851f2b2ab0e805bf41e1fbae82211c139a62b7f28d636e742db3a79b9a426f7a132506209a9efd41df77891a8010e2d4fa1fa0f682cdd834f9d6d4528fe633659705248921b935ca8153ee32d121fbe99732d8a42de3dcb2d5b0fbba5cfbc051c99f1d5aa6c38130ba8f0067883e9d0c9e457e58a49b05910a23e6c2323142f2d6c361e9ddd987460b9e52cabc42232be792ba71fa7e2d36ec80f30a7cf1
  3.74 RSA verify
  3.59 rsa-verify pass (0x0)

  4.41 AB: P:N C:1
  4.44 TRYBOOT
  4.44 PCI2 init
  4.44 PCI2 reset
  4.49 PCIe scan 00001de4:00000001
  4.49 RP1_CHIP_INFO 20001927

  4.49 RPi: BOOTLOADER release VERSION:465206a2 DATE: 2026/09/10 TIME: 00:06:58
  4.50 MFG_VER: 1
  4.50 BOOTMODE: 0x06 partition 0 build-ts BUILD_TIMESTAMP=1788998818 serial 0af4f481 boardrev a04171 stc 4502894
  4.51 EEPROM ID 0xef4015
  4.51 SFDP v1.5 Param v1.5 Capacity 2048KB
  4.51 PCIEx1: PWR 0 DET_WAKE 0
  4.22 M.2 PCIe HAT not detected.
  4.52 usb_pd_init status 3
  4.52 USB_PD CONFIG 0 43
  4.58 SD_OC: 0
  4.81 Boot mode: SD (01) order f24
  4.59 SD HOST: 200000000 CTL0: 0x00800000 BUS: 400000 Hz actual: 390625 HZ div: 512 (256) status: 0x1fff0000 delay: 276
  4.61 SD HOST: 200000000 CTL0: 0x00800f00 BUS: 400000 Hz actual: 390625 HZ div: 512 (256) status: 0x1fff0000 delay: 276
  4.93 SD retry 1 oc 501
  4.95 SD HOST: 200000000 CTL0: 0x00800000 BUS: 400000 Hz actual: 390625 HZ div: 512 (256) status: 0x1fff0000 delay: 276
  4.96 OCR c0ff8000 [2]
CID: 00563456534400000000000004ba01a2
CSD: 400e00325b590001d1eb7f8006400000
  4.97 SD: bus-width: 4 spec: 2 SCR: 0x02858483 0x00000000
  4.98 SD HOST: 200000000 CTL0: 0x00800f04 BUS: 50000000 Hz actual: 50000000 HZ div: 4 (2) status: 0x1fff0000 delay: 2
  4.99 MBR: 0x00000001, 7004193 type: 0xee
  5.00 MBR: 0x00000000,       0 type: 0x00
  5.00 MBR: 0x00000000,       0 type: 0x00
  5.00 MBR: 0x00000000,       0 type: 0x00
  5.01 USB-PD: src-cap PDO object1 0x2e01912c
  5.01 Current 3000 mA
  5.01 Voltage 5000 mV
  5.20 Trying partition: 0
  5.02 GPT 0000000000000000000000004d9b9ef0 000000001 0006ae021 num-partitions 128 entry-size 128 pentry 2 first 0
  5.03 GPT partition: 0 ebd0a0a2-b9e5-4433-87c0-68b6b72699c7 000002000..0000567ff
  5.04 Matched GUID bootable-part-idx 0 want partition 0
  5.47 type: 16 lba: 8192 'mkfs.fat' '  V       ^ ' clusters 43215 (8)
  5.05 rsc 8 fat-sectors 176 root dir cluster 1 sectors 32 entries 512
  5.06 FAT16 clusters 43215
  5.69 Read autoboot.txt bytes       64 hnd 0x1abd
  5.70 TRYBOOT_A_B_MODE
  5.07 Select partition rsts 0 C(boot_partition) 2 EEPROM config 0 result 2
  5.79 Trying partition: 2
  5.08 GPT 0000000000000000000000004d9b9ef0 000000001 0006ae021 num-partitions 128 entry-size 128 pentry 2 first 0
  5.09 GPT partition: 0 ebd0a0a2-b9e5-4433-87c0-68b6b72699c7 000002000..0000567ff
  5.10 Matched GUID bootable-part-idx 0 want partition 1
  5.10 GPT partition: 1 ebd0a0a2-b9e5-4433-87c0-68b6b72699c7 000058000..0000ac7ff
  5.11 Matched GUID bootable-part-idx 1 want partition 1
  5.20 type: 16 lba: 360448 'mkfs.fat' '  V       ^ ' clusters 43215 (8)
  5.12 rsc 8 fat-sectors 176 root dir cluster 1 sectors 32 entries 512
  5.13 FAT16 clusters 43215
  5.34 secure-boot
  5.36 Loading boot.img ...
  5.15 boot.sig
  5.15 hash: 2388a9a6779792f7560637e5f1bb690ba72cda67c336905b184d1ade2a9fa7d1
  5.16 ts: 1790428765
  5.16 rsa2048: 828758ea8c13f6ad0c1fdbb23ba059b39dbbd9d9c245a5646624fe3eb9c96f1141929304422e8eb0f60f44c618e9749cad065b42fe07f90389dd1898c888eb0a5ba01855f5b378a82118ebdb5b15dc16dc946625a61362f34790eb6e40954cd12d088b872aac920147d55b23fd02fdf655446f5a73b5047fbddb0a5f841a2eb2054dbb54082ddf054915eaed893ad6ed10c562096379174424e144b26e70dfcf2140bfb56a6fd92b22e7d668c1877f53997e83aee94c8c0cc5c7440d305c33f8d78478b9367b2c78731dea11c63cb57013eefadd0d43e72c94bdc0408b6e1f4807603c8420760eb003f75254063102f5da9ba319d5aff6f84f19727a96366950
  9.65 Verifying
 12.16 RSA verify
 12.75 rsa-verify pass (0x0)
 12.18 MBR: 0x00000000,       0 type: 0x00
 12.19 MBR: 0x00000000,       0 type: 0x00
 12.19 MBR: 0x00000000,       0 type: 0x00
 12.19 MBR: 0x00000000,       0 type: 0x00
 12.02 Trying partition: 0
 12.04 type: 16 lba: 0 'mkfs.fat' '  V       ^ ' clusters 56382 (1)
 12.21 rsc 1 fat-sectors 221 root dir cluster 1 sectors 2 entries 32
 12.21 FAT16 clusters 56382
 12.20 Read config.txt bytes     2774 hnd 0xd674
 12.23 usb_max_current_enable default 0 max-current 3000
 12.29 Read bcm2712-rpi-5-b.dtb bytes    81203 hnd 0xd5d3
 12.23 dt-match: compatible: raspberrypi,5-model-b match: brcm,bcm2712
 12.24 dt-match: compatible: brcm,bcm2712 match: brcm,bcm2712
 12.55 Selecting USB low current limit
 12.25 MESS:00:00:12.258257:0: *** Restart logging
 12.60 Read /config.txt bytes     2774 hnd 0xd674
 12.26 MESS:00:00:12.265366:0: board: boardrev a04171 otp a04171
 12.70 Read /config.txt bytes     2774 hnd 0xd674
 12.27 MESS:00:00:12.278412:0: Initial voltage 800000 temp 42776
 12.47 MESS:00:00:12.478464:0: avs_2712: AVS pred 8576 857600 temp 43325
 12.48 MESS:00:00:12.482065:0: vpred 857 mV +0
 12.48 MESS:00:00:12.486260:0: over-voltage idle: 0 avs: 97600 delta: 0 (0x00000000)
 12.49 MESS:00:00:12.497337:0: FB framebuffer_swap 1
 12.51 MESS:00:00:12.511661:0: Select resolution HDMI0/2 hotplug 0 max_mode 2
 12.51 MESS:00:00:12.515698:0: Select resolution HDMI1/2 hotplug 0 max_mode 2
 12.52 MESS:00:00:12.522703:0: dtb_file 'bcm2712-rpi-5-b.dtb'
 12.52 Loading 'bcm2712-rpi-5-b.dtb' to 0x00000000 offset 0x100
 12.34 Read bcm2712-rpi-5-b.dtb bytes    81203 hnd 0xd5d3
 12.51 Read /overlays/overlay_map.dtb bytes     5451 hnd 0xdc2d
 12.56 Read /overlays/bcm2712d0.dtbo bytes     1507 hnd 0xdc3d
 12.57 MESS:00:00:12.571824:0: Loaded overlay 'bcm2712d0'
 12.61 PCIEx1: PWR 0 DET_WAKE 0
 12.24 Read /config.txt bytes     2774 hnd 0xd674
 12.62 [ramdisk] /overlays/vc4-kms-v3d-pi5.dtbo not found
 12.35  /overlays/vc4-kms-v3d-pi5.dtbo 
 12.63 MESS:00:00:12.636135:0: dtparam: spi=on
 12.47 Read /overlays/letstrust-tpm.dtbo bytes      775 hnd 0xdc3b
 12.65 MESS:00:00:12.656713:0: Loaded overlay 'letstrust-tpm'
 12.75 Read /overlays/letstrust-tpm-uboot.dtbo bytes     1099 hnd 0xdc38
 12.68 MESS:00:00:12.684356:0: Loaded overlay 'letstrust-tpm-uboot'
 12.50 Read /cmdline.txt bytes      327 hnd 0xd673
 12.75 MESS:00:00:12.752063:0: Read command line from file 'cmdline.txt':
 12.75 MESS:00:00:12.758575:0: 'dwc_otg.lpm_enable=0 dm-mod.create="vroot,,,ro,0 630784 verity 1 @ROOTDEV@ @ROOTDEV@ 4096 4096 78848 78849 sha256 0210f085381cd853e873b54834c9a9b7ebb453397703390fb044dcf0d764b199 155097cdcf4de0877ba1a937f5e3732046c1aea865594ac9
 12.88 MESS:00:00:12.888502:0: RPM 0, max RPM 0
 12.90 BMD "armstub8-2712.bin" not found
 12.08 fs_open: 'armstub8-2712.bin' 
 12.91 Loading 'kernel_2712.img' to 0x00000000 offset 0x200000
 12.22 Read kernel_2712.img bytes   743128 hnd 0xd680
 12.92 MESS:00:00:12.924612:0: Device tree loaded to 0x2efeb800 (size 0x1470b)
 12.93 PCI1 reset
 12.94 PCI2 reset
 12.95 set_reboot_order 0
 12.95 set_reboot_arg1 0
 12.95 USB-OTG disconnect
 12.99 MESS:00:00:12.994549:0: Watchdog stopped
 12.99 MESS:00:00:12.995966:0: Starting OS 12995 ms
 13.00 MESS:00:00:13.004430:0: 00000040: -> 00000480
 13.00 MESS:00:00:13.006283:0: 00000030: -> 00100080
 13.01 MESS:00:00:13.010996:0: 00000034: -> 00100080
 13.01 MESS:00:00:13.015709:0: 00000038: -> 00100080
 13.02 MESS:00:00:13.020422:0: 0000003c: -> 00100080

NOTICE:  BL31: v2.6(release):v2.6-240-gfc45bc492
NOTICE:  BL31: Built : 12:55:13, Dec  4 2024


U-Boot 2024.04 (Sep 26 2026 - 13:16:18 +0000)

DRAM:  1020 MiB
RPI 5 Model B (0xa04171)
Core:  53 devices, 17 uclasses, devicetree: board
MMC:   mmc@fff000: 0, mmc@1100000: 1
Loading Environment from nowhere... OK
PCIe BRCM: link up, 5.0 Gbps x4 (!SSC)
In:    serial,usbkbd
Out:   serial,vidconsole
Err:   serial,vidconsole
Net:   eth0: ethernet@100000
[?25h
starting USB...
No working controllers found
rpi_bootpart=2
28982272 bytes read in 1194 ms (23.1 MiB/s)
Created "bi"
Block 0x0+0xdd1e mapped to 0x20000000
28025344 bytes read in 5 ms (5.2 GiB/s)
Working FDT set to 2efeb800
Moving Image from 0x80000 to 0x200000, end=1e10000
## Flattened Device Tree blob at 2efeb800
   Booting using the fdt blob at 0x2efeb800
Working FDT set to 2efeb800
[MBOOT] bootm_measure: enter (os.os=5)
[MBOOT] bootm_measure: CONFIG_MEASURED_BOOT active
[MBOOT] tcg2_measurement_init: enter (ignore_existing_log=0, elog->log_size=65536)
[MBOOT] tpm2_auto_start: self_test
[MBOOT] tpm2_auto_start: self_test rc=256
[MBOOT] tpm2_auto_start: TPM not started, issuing Startup(CLEAR)
[MBOOT] tpm2_auto_start: post-startup self_test rc=0
[MBOOT] tcg2_log_prepare_buffer: enter (ignore=0, elog->log_size=65536)
[MBOOT] tcg2_log_prepare_buffer: no DT log found rc=-19
[MBOOT] tcg2_log_prepare_buffer: initializing fresh log (size=65536)
[MBOOT] tcg2_log_prepare_buffer: exit rc=0 (log=000000003f750420, size=65536, pos=65, found=0)
[MBOOT] tcg2_measurement_init: log ready (log=000000003f750420, log_size=65536, log_pos=65, found=0)
[MBOOT] tcg2_measurement_init: measuring S-CRTM version -> PCR 0
[MBOOT] tcg2_measure_data: PCR 0, event_type=0x8, data=0000000000000000, data_size=0, event_size=46
[MBOOT] tcg2_measure_data: PCR 0 extended OK
[MBOOT] tcg2_measurement_init: complete OK
[ARB] this release: version 15; board counter: 13 (tryboot)
[ARB] trial boot: counter left at 13 until committed
[MBOOT] bootm_measure: measuring kernel -> PCR 8 (start=0x200000, len=0x1aba200)
[MBOOT] tcg2_measure_data: PCR 8, event_type=0xc, data=0000000000200000, data_size=28025344, event_size=6
[MBOOT] tcg2_measure_data: PCR 8 extended OK
[MBOOT] bootm_measure: measuring initrd -> PCR 9 (rd_start=0x0, rd_len=0x0)
[MBOOT] tcg2_measure_data: PCR 9, event_type=0xc, data=0000000000000000, data_size=0, event_size=7
[MBOOT] tcg2_measure_data: PCR 9 extended OK
[MBOOT] bootm_measure: measuring DTB -> PCR 0 (ft_addr=000000002efeb800, ft_len=0x1470b)
[MBOOT] dtb_sanitize: canonical DTB digest 7efa9133... -> PCR 0
[MBOOT] tcg2_measure_data: PCR 0, event_type=0xb, data=000000003f705d50, data_size=32, event_size=4
[MBOOT] tcg2_measure_data: PCR 0 extended OK
[AB] firmware booted from partition 2 -> root /dev/mmcblk0p4
[AB] firmware booted from partition 2 -> root /dev/mmcblk0p4
[MBOOT] bootm_measure: measuring kernel cmdline -> PCR 1 (len=694, source=env)
[MBOOT] tcg2_measure_data: PCR 1, event_type=0xa, data=000000003fbd46dc, data_size=695, event_size=695
[MBOOT] tcg2_measure_data: PCR 1 extended OK
[MBOOT] bootm_measure: calling measurement_term (error=0)
[MBOOT] tcg2_measurement_term: extending separators PCR 0-7 (error=0, separator=0xffffffff)
[MBOOT] tcg2_measure_data: PCR 0, event_type=0x4, data=0000000000000000, data_size=0, event_size=4
[MBOOT] tcg2_measure_data: PCR 0 extended OK
[MBOOT] tcg2_measure_data: PCR 1, event_type=0x4, data=0000000000000000, data_size=0, event_size=4
[MBOOT] tcg2_measure_data: PCR 1 extended OK
[MBOOT] tcg2_measure_data: PCR 2, event_type=0x4, data=0000000000000000, data_size=0, event_size=4
[MBOOT] tcg2_measure_data: PCR 2 extended OK
[MBOOT] tcg2_measure_data: PCR 3, event_type=0x4, data=0000000000000000, data_size=0, event_size=4
[MBOOT] tcg2_measure_data: PCR 3 extended OK
[MBOOT] tcg2_measure_data: PCR 4, event_type=0x4, data=0000000000000000, data_size=0, event_size=4
[MBOOT] tcg2_measure_data: PCR 4 extended OK
[MBOOT] tcg2_measure_data: PCR 5, event_type=0x4, data=0000000000000000, data_size=0, event_size=4
[MBOOT] tcg2_measure_data: PCR 5 extended OK
[MBOOT] tcg2_measure_data: PCR 6, event_type=0x4, data=0000000000000000, data_size=0, event_size=4
[MBOOT] tcg2_measure_data: PCR 6 extended OK
[MBOOT] tcg2_measure_data: PCR 7, event_type=0x4, data=0000000000000000, data_size=0, event_size=4
[MBOOT] tcg2_measure_data: PCR 7 extended OK
[MBOOT] bootm_measure: NV-committing PCR composite
[MBOOT] NV commit OK (PCR composite b4d68c60...)
[MBOOT] scrub: /chosen/rpi-duid removed from the OS devicetree
[MBOOT] bootm_measure: exit ret=0
   Using Device Tree in place at 000000002efeb800, end 000000002f002f0a
Working FDT set to 2efeb800
[AB] firmware booted from partition 2 -> root /dev/mmcblk0p4
[FWKEY] firmware key locked until reset (status 0x00001f01)

Starting kernel ...

[    0.000000] Booting Linux on physical CPU 0x0000000000 [0x414fd0b1]
[    0.000000] Linux version 6.6.63-v8-16k (oe-user@oe-host) (aarch64-poky-linux-gcc (GCC) 13.4.0, GNU ld (GNU Binutils) 2.42.0.20240723) #1 SMP PREEMPT Fri Dec  6 10:10:05 UTC 2024
[    0.000000] KASLR enabled
[    0.000000] random: crng init done
[    0.000000] Machine model: Raspberry Pi 5 Model B Rev 1.1
[    0.000000] efi: UEFI not found.
[    0.000000] Reserved memory: created CMA memory pool at 0x0000000002000000, size 64 MiB
[    0.000000] OF: reserved mem: initialized node linux,cma, compatible id shared-dma-pool
[    0.000000] OF: reserved mem: 0x0000000002000000..0x0000000005ffffff (65536 KiB) map reusable linux,cma
[    0.000000] OF: reserved mem: 0x0000000000000000..0x000000000007ffff (512 KiB) nomap non-reusable atf@0
[    0.000000] OF: reserved mem: 0x000000003fd1bf04..0x000000003fd1c068 (0 KiB) nomap non-reusable nvram@0
[    0.000000] OF: reserved mem: 0x000000003fd29948..0x000000003fd29a4f (0 KiB) nomap non-reusable nvram@1
[    0.000000] NUMA: No NUMA configuration found
[    0.000000] Faking a node at [mem 0x0000000000000000-0x000000000fefffff]
[    0.000000] Faking a node at [mem 0x000000000ff00000-0x000000001fdfffff]
[    0.000000] Faking a node at [mem 0x000000001fe00000-0x000000002fcfffff]
[    0.000000] Faking a node at [mem 0x000000002fd00000-0x000000003fbfffff]
[    0.000000] NUMA: NODE_DATA [mem 0x0fefd2c0-0x0fefffff]
[    0.000000] NUMA: NODE_DATA [mem 0x1fdfd2c0-0x1fdfffff]
[    0.000000] NUMA: NODE_DATA [mem 0x2fcfd2c0-0x2fcfffff]
[    0.000000] NUMA: NODE_DATA [mem 0x3fb052c0-0x3fb07fff]
[    0.000000] Zone ranges:
[    0.000000]   DMA      [mem 0x0000000000000000-0x000000003fbfffff]
[    0.000000]   DMA32    empty
[    0.000000]   Normal   empty
[    0.000000] Movable zone start for each node
[    0.000000] Early memory node ranges
[    0.000000]   node   0: [mem 0x0000000000000000-0x000000000007ffff]
[    0.000000]   node   0: [mem 0x0000000000080000-0x000000000fefffff]
[    0.000000]   node   1: [mem 0x000000000ff00000-0x000000001fdfffff]
[    0.000000]   node   2: [mem 0x000000001fe00000-0x000000002fcfffff]
[    0.000000]   node   3: [mem 0x000000002fd00000-0x000000003fbfffff]
[    0.000000] Initmem setup node 0 [mem 0x0000000000000000-0x000000000fefffff]
[    0.000000] Initmem setup node 1 [mem 0x000000000ff00000-0x000000001fdfffff]
[    0.000000] Initmem setup node 2 [mem 0x000000001fe00000-0x000000002fcfffff]
[    0.000000] Initmem setup node 3 [mem 0x000000002fd00000-0x000000003fbfffff]
[    0.000000] On node 3, zone DMA: 256 pages in unavailable ranges
[    0.000000] psci: probing for conduit method from DT.
[    0.000000] psci: PSCIv1.1 detected in firmware.
[    0.000000] psci: Using standard PSCI v0.2 function IDs
[    0.000000] psci: MIGRATE_INFO_TYPE not supported.
[    0.000000] psci: SMC Calling Convention v1.2
[    0.000000] percpu: Embedded 14 pages/cpu s185192 r8192 d35992 u229376
[    0.000000] Detected PIPT I-cache on CPU0
[    0.000000] CPU features: detected: Virtualization Host Extensions
[    0.000000] CPU features: detected: Hardware dirty bit management
[    0.000000] CPU features: detected: Spectre-v4
[    0.000000] CPU features: detected: Spectre-BHB
[    0.000000] CPU features: kernel page table isolation forced ON by KASLR
[    0.000000] CPU features: detected: Kernel page table isolation (KPTI)
[    0.000000] CPU features: detected: SSBS not fully self-synchronizing
[    0.000000] alternatives: applying boot alternatives
[    0.000000] Kernel command line: reboot=w coherent_pool=1M 8250.nr_uarts=1 pci=pcie_bus_safe cgroup_disable=memory numa_policy=interleave bcm2708_fb.fbwidth=640 bcm2708_fb.fbheight=480 bcm2708_fb.fbdepth=16 bcm2708_fb.fbswap=1 numa=fake=4 system_heap.max_order=0 iommu_dma_numa_policy=interleave smsc95xx.macaddr=88:A2:9E:82:BB:4D vc_mem.mem_base=0x3fc00000 vc_mem.mem_size=0x40000000  dwc_otg.lpm_enable=0 dm-mod.create="vroot,,,ro,0 630784 verity 1 /dev/mmcblk0p4 /dev/mmcblk0p4 4096 4096 78848 78849 sha256 0210f085381cd853e873b54834c9a9b7ebb453397703390fb044dcf0d764b199 155097cdcf4de0877ba1a937f5e3732046c1aea865594ac927025829e35bbe5a" dm-mod.waitfor=/dev/mmcblk0p4 root=/dev/dm-0 rootfstype=ext4 rootwait ro net.ifnames=0
[    0.000000] cgroup: Disabling memory control group subsystem
[    0.000000] mempolicy: NUMA default policy overridden to 'interleave:0-3'
[    0.000000] Unknown kernel command line parameters "iommu_dma_numa_policy=interleave", will be passed to user space.
[    0.000000] Fallback order for Node 0: 0 1 2 3 
[    0.000000] Fallback order for Node 1: 1 2 3 0 
[    0.000000] Fallback order for Node 2: 2 3 0 1 
[    0.000000] Fallback order for Node 3: 3 0 1 2 
[    0.000000] Built 4 zonelists, mobility grouping on.  Total pages: 65024
[    0.000000] Policy zone: DMA
[    0.000000] mem auto-init: stack:all(zero), heap alloc:off, heap free:off
[    0.000000] Memory: 943632K/1044480K available (14656K kernel code, 2280K rwdata, 4800K rodata, 5376K init, 1231K bss, 35312K reserved, 65536K cma-reserved)
[    0.000000] SLUB: HWalign=64, Order=0-3, MinObjects=0, CPUs=4, Nodes=4
[    0.000000] ftrace: allocating 47572 entries in 47 pages
[    0.000000] ftrace: allocated 47 pages with 5 groups
[    0.000000] trace event string verifier disabled
[    0.000000] rcu: Preemptible hierarchical RCU implementation.
[    0.000000] rcu: 	RCU event tracing is enabled.
[    0.000000] rcu: 	RCU restricting CPUs from NR_CPUS=256 to nr_cpu_ids=4.
[    0.000000] 	Trampoline variant of Tasks RCU enabled.
[    0.000000] 	Rude variant of Tasks RCU enabled.
[    0.000000] 	Tracing variant of Tasks RCU enabled.
[    0.000000] rcu: RCU calculated value of scheduler-enlistment delay is 25 jiffies.
[    0.000000] rcu: Adjusting geometry for rcu_fanout_leaf=16, nr_cpu_ids=4
[    0.000000] NR_IRQS: 64, nr_irqs: 64, preallocated irqs: 0
[    0.000000] Root IRQ handler: gic_handle_irq
[    0.000000] GIC: Using split EOI/Deactivate mode
[    0.000000] rcu: srcu_init: Setting srcu_struct sizes based on contention.
[    0.000000] arch_timer: cp15 timer(s) running at 54.00MHz (phys).
[    0.000000] clocksource: arch_sys_counter: mask: 0xffffffffffffff max_cycles: 0xc743ce346, max_idle_ns: 440795203123 ns
[    0.000000] sched_clock: 56 bits at 54MHz, resolution 18ns, wraps every 4398046511102ns
[    0.000128] Console: colour dummy device 80x25
[    0.000132] printk: console [tty0] enabled
[    0.000297] Calibrating delay loop (skipped), value calculated using timer frequency.. 108.00 BogoMIPS (lpj=216000)
[    0.000303] pid_max: default: 32768 minimum: 301
[    0.000347] LSM: initializing lsm=capability,integrity
[    0.000585] Dentry cache hash table entries: 131072 (order: 6, 1048576 bytes, vmalloc)
[    0.000680] Inode-cache hash table entries: 65536 (order: 5, 524288 bytes, vmalloc)
[    0.000692] Mount-cache hash table entries: 2048 (order: 0, 16384 bytes, vmalloc)
[    0.000698] Mountpoint-cache hash table entries: 2048 (order: 0, 16384 bytes, vmalloc)
[    0.001226] RCU Tasks: Setting shift to 2 and lim to 1 rcu_task_cb_adjust=1 rcu_task_cpu_ids=4.
[    0.001245] RCU Tasks Rude: Setting shift to 2 and lim to 1 rcu_task_cb_adjust=1 rcu_task_cpu_ids=4.
[    0.001262] RCU Tasks Trace: Setting shift to 2 and lim to 1 rcu_task_cb_adjust=1 rcu_task_cpu_ids=4.
[    0.001299] rcu: Hierarchical SRCU implementation.
[    0.001302] rcu: 	Max phase no-delay instances is 1000.
[    0.001689] EFI services will not be available.
[    0.001736] smp: Bringing up secondary CPUs ...
[    0.001866] Detected PIPT I-cache on CPU1
[    0.001895] CPU1: Booted secondary processor 0x0000000100 [0x414fd0b1]
[    0.002022] Detected PIPT I-cache on CPU2
[    0.002044] CPU2: Booted secondary processor 0x0000000200 [0x414fd0b1]
[    0.002155] Detected PIPT I-cache on CPU3
[    0.002174] CPU3: Booted secondary processor 0x0000000300 [0x414fd0b1]
[    0.002195] smp: Brought up 4 nodes, 4 CPUs
[    0.002206] SMP: Total of 4 processors activated.
[    0.002210] CPU features: detected: 32-bit EL0 Support
[    0.002213] CPU features: detected: Data cache clean to the PoU not required for I/D coherence
[    0.002216] CPU features: detected: Common not Private translations
[    0.002218] CPU features: detected: CRC32 instructions
[    0.002221] CPU features: detected: RCpc load-acquire (LDAPR)
[    0.002223] CPU features: detected: LSE atomic instructions
[    0.002226] CPU features: detected: Privileged Access Never
[    0.002228] CPU features: detected: RAS Extension Support
[    0.002231] CPU features: detected: Speculative Store Bypassing Safe (SSBS)
[    0.002254] CPU: All CPU(s) started at EL2
[    0.002257] alternatives: applying system-wide alternatives
[    0.003908] devtmpfs: initialized
[    0.005850] Enabled cp15_barrier support
[    0.005856] Enabled setend support
[    0.005920] clocksource: jiffies: mask: 0xffffffff max_cycles: 0xffffffff, max_idle_ns: 7645041785100000 ns
[    0.005927] futex hash table entries: 1024 (order: 2, 65536 bytes, vmalloc)
[    0.006090] pinctrl core: initialized pinctrl subsystem
[    0.006170] DMI not present or invalid.
[    0.006279] NET: Registered PF_NETLINK/PF_ROUTE protocol family
[    0.006643] DMA: preallocated 1024 KiB GFP_KERNEL pool for atomic allocations
[    0.006673] DMA: preallocated 1024 KiB GFP_KERNEL|GFP_DMA pool for atomic allocations
[    0.006704] DMA: preallocated 1024 KiB GFP_KERNEL|GFP_DMA32 pool for atomic allocations
[    0.006720] audit: initializing netlink subsys (disabled)
[    0.006752] audit: type=2000 audit(0.004:1): state=initialized audit_enabled=0 res=1
[    0.006848] thermal_sys: Registered thermal governor 'step_wise'
[    0.006856] cpuidle: using governor menu
[    0.006918] hw-breakpoint: found 6 breakpoint and 4 watchpoint registers.
[    0.006936] ASID allocator initialised with 32768 entries
[    0.007133] Serial: AMBA PL011 UART driver
[    0.007698] bcm2835-mbox 107c013880.mailbox: mailbox enabled
[    0.007834] 107d001000.serial: ttyAMA10 at MMIO 0x107d001000 (irq = 15, base_baud = 0) is a PL011 rev2
[    0.007846] printk: console [ttyAMA10] enabled
[    0.912040] raspberrypi-firmware soc:firmware: Attached to firmware from 2026-09-10T00:06:58, variant start_cd
[    0.926085] raspberrypi-firmware soc:firmware: Firmware hash is 465206a200000000000000000000000000000000
[    0.941141] Modules: 2G module region forced by RANDOMIZE_MODULE_REGION_FULL
[    0.948220] Modules: 0 pages in range for non-PLT usage
[    0.948221] Modules: 129276 pages in range for PLT usage
[    0.957857] bcm2835-dma 1000010000.dma: DMA legacy API manager, dmachans=0x1
[    0.970529] iommu: Default domain type: Translated
[    0.975340] iommu: DMA domain TLB invalidation policy: strict mode
[    0.981765] SCSI subsystem initialized
[    0.985557] usbcore: registered new interface driver usbfs
[    0.991067] usbcore: registered new interface driver hub
[    0.996399] usbcore: registered new device driver usb
[    1.001528] pps_core: LinuxPPS API ver. 1 registered
[    1.006508] pps_core: Software ver. 5.3.6 - Copyright 2005-2007 Rodolfo Giometti <giometti@linux.it>
[    1.015680] PTP clock support registered
[    1.019642] Advanced Linux Sound Architecture Driver Initialized.
[    1.025925] vgaarb: loaded
[    1.028719] clocksource: Switched to clocksource arch_sys_counter
[    1.140762] VFS: Disk quotas dquot_6.6.0
[    1.144701] VFS: Dquot-cache hash table entries: 2048 (order 0, 16384 bytes)
[    1.151797] FS-Cache: Loaded
[    1.154718] CacheFiles: Loaded
[    1.158670] NET: Registered PF_INET protocol family
[    1.163607] IP idents hash table entries: 16384 (order: 3, 131072 bytes, vmalloc)
[    1.171422] tcp_listen_portaddr_hash hash table entries: 1024 (order: 0, 16384 bytes, vmalloc)
[    1.180080] Table-perturb hash table entries: 65536 (order: 4, 262144 bytes, vmalloc)
[    1.187942] TCP established hash table entries: 8192 (order: 2, 65536 bytes, vmalloc)
[    1.195826] TCP bind hash table entries: 8192 (order: 4, 262144 bytes, vmalloc)
[    1.203246] TCP: Hash tables configured (established 8192 bind 8192)
[    1.209674] MPTCP token hash table entries: 1024 (order: 0, 24576 bytes, vmalloc)
[    1.217199] UDP hash table entries: 512 (order: 0, 16384 bytes, vmalloc)
[    1.223934] UDP-Lite hash table entries: 512 (order: 0, 16384 bytes, vmalloc)
[    1.231131] NET: Registered PF_UNIX/PF_LOCAL protocol family
[    1.236893] RPC: Registered named UNIX socket transport module.
[    1.242835] RPC: Registered udp transport module.
[    1.247552] RPC: Registered tcp transport module.
[    1.252269] RPC: Registered tcp-with-tls transport module.
[    1.257772] RPC: Registered tcp NFSv4.1 backchannel transport module.
[    1.264241] PCI: CLS 0 bytes, default 64
[    1.268292] kvm [1]: IPA Size Limit: 40 bits
[    1.272584] kvm [1]: GICV region size/alignment is unsafe, using trapping (reduced performance)
[    1.281333] kvm [1]: vgic interrupt IRQ9
[    1.285274] kvm [1]: VHE mode initialized successfully
[    1.290678] Initialise system trusted keyrings
[    1.295199] workingset: timestamp_bits=42 max_order=16 bucket_order=0
[    1.301676] zbud: loaded
[    1.304356] NFS: Registering the id_resolver key type
[    1.309428] Key type id_resolver registered
[    1.313622] Key type id_legacy registered
[    1.317647] nfs4filelayout_init: NFSv4 File Layout Driver Registering...
[    1.324374] nfs4flexfilelayout_init: NFSv4 Flexfile Layout Driver Registering...
[    1.331823] F2FS not supported on PAGE_SIZE(16384) != 4096
[    1.337363] Key type asymmetric registered
[    1.341471] Asymmetric key parser 'x509' registered
[    1.346372] Block layer SCSI generic (bsg) driver version 0.4 loaded (major 245)
[    1.353817] io scheduler mq-deadline registered
[    1.358361] io scheduler kyber registered
[    1.362390] io scheduler bfq registered
[    1.366381] irq_brcmstb_l2: registered L2 intc (/soc/intc@7d503000, parent irq: 26)
[    1.374108] irq_brcmstb_l2: registered L2 intc (/soc/intc@7d508380, parent irq: 27)
[    1.381822] irq_brcmstb_l2: registered L2 intc (/soc/intc@7d508400, parent irq: 28)
[    1.389542] irq_brcmstb_l2: registered L2 intc (/soc/intc@7d517b00, parent irq: 29)
[    1.398038] bcm2708_fb soc:fb: Unable to determine number of FBs. Disabling driver.
[    1.405728] bcm2708_fb: probe of soc:fb failed with error -2
[    1.412057] Serial: 8250/16550 driver, 1 ports, IRQ sharing enabled
[    1.418631] 107d50c000.serial: ttyS0 at MMIO 0x107d50c000 (irq = 31, base_baud = 6000000) is a Broadcom BCM7271 UART
[    1.429254] serial serial0: tty port ttyS0 registered
[    1.434518] iproc-rng200 107d208000.rng: hwrng registered
[    1.439981] vc-mem: phys_addr:0x00000000 mem_base=0x3fc00000 mem_size:0x40000000(1024 MiB)
[    1.448422] bcm2712-iommu-cache 1000005b00.iommuc: bcm2712_iommu_cache_probe
[    1.457126] brd: module loaded
[    1.461092] loop: module loaded
[    1.464328] bcm2835-power bcm2835-power: Broadcom BCM2835 power domains driver
[    1.471671] Loading iSCSI transport class v2.0-870.
[    1.477125] usbcore: registered new device driver r8152-cfgselector
[    1.483421] usbcore: registered new interface driver r8152
[    1.488927] usbcore: registered new interface driver lan78xx
[    1.494617] usbcore: registered new interface driver smsc95xx
[    1.500416] dwc_otg: version 3.00a 10-AUG-2012 (platform bus)
[    1.506273] usbcore: registered new interface driver uas
[    1.511608] usbcore: registered new interface driver usb-storage
[    1.517693] mousedev: PS/2 mouse device common for all mice
[    1.525753] rpi-rtc soc:rpi_rtc: registered as rtc0
[    1.531182] rpi-rtc soc:rpi_rtc: setting system clock to 2026-09-26T13:32:57 UTC (1790429577)
[    1.540010] bcm2835-wdt bcm2835-wdt: Poweroff handler already present!
[    1.546565] bcm2835-wdt bcm2835-wdt: Broadcom BCM2835 watchdog timer
[    1.552990] device-mapper: ioctl: 4.48.0-ioctl (2023-03-01) initialised: dm-devel@redhat.com
[    1.561779] sdhci: Secure Digital Host Controller Interface driver
[    1.567984] sdhci: Copyright(c) Pierre Ossman
[    1.572375] sdhci-pltfm: SDHCI platform and OF driver helper
[    1.578184] ledtrig-cpu: registered to indicate activity on CPUs
[    1.584245] SMCCC: SOC_ID: ARCH_SOC_ID not implemented, skipping ....
[    1.590721] hid: raw HID events driver (C) Jiri Kosina
[    1.595886] usbcore: registered new interface driver usbhid
[    1.601481] usbhid: USB HID core driver
[    1.605535] hw perfevents: enabled with armv8_cortex_a76 PMU driver, 7 counters available
[    1.614054] NET: Registered PF_PACKET protocol family
[    1.619149] Key type dns_resolver registered
[    1.626939] registered taskstats version 1
[    1.631120] Loading compiled-in X.509 certificates
[    1.637370] Key type .fscrypt registered
[    1.641613] Key type fscrypt-provisioning registered
[    1.647070] brcm-pcie 1000120000.pcie: host bridge /axi/pcie@120000 ranges:
[    1.654074] brcm-pcie 1000120000.pcie:   No bus range found for /axi/pcie@120000, using [bus 00-ff]
[    1.663182] brcm-pcie 1000120000.pcie:      MEM 0x1f00000000..0x1ffffffffb -> 0x0000000000
[    1.671484] brcm-pcie 1000120000.pcie:      MEM 0x1c00000000..0x1effffffff -> 0x0400000000
[    1.679788] brcm-pcie 1000120000.pcie:   IB MEM 0x1f00000000..0x1f003fffff -> 0x0000000000
[    1.688088] brcm-pcie 1000120000.pcie:   IB MEM 0x0000000000..0x0fffffffff -> 0x1000000000
[    1.697553] brcm-pcie 1000120000.pcie: Forcing gen 2
[    1.702692] brcm-pcie 1000120000.pcie: PCI host bridge to bus 0000:00
[    1.709179] pci_bus 0000:00: Unknown NUMA node; performance will be reduced
[    1.716175] pci_bus 0000:00: root bus resource [bus 00-ff]
[    1.721685] pci_bus 0000:00: root bus resource [mem 0x1f00000000-0x1ffffffffb] (bus address [0x00000000-0xfffffffb])
[    1.732261] pci_bus 0000:00: root bus resource [mem 0x1c00000000-0x1effffffff pref] (bus address [0x400000000-0x6ffffffff])
[    1.743449] pci 0000:00:00.0: [14e4:2712] type 01 class 0x060400
[    1.749497] pci 0000:00:00.0: PME# supported from D0 D3hot
[    1.860725] brcm-pcie 1000120000.pcie: link up, 5.0 GT/s PCIe x4 (!SSC)
[    1.867386] pci 0000:01:00.0: [1de4:0001] type 00 class 0x020000
[    1.873427] pci 0000:01:00.0: reg 0x10: [mem 0xffffc000-0xffffffff]
[    1.879721] pci 0000:01:00.0: reg 0x14: [mem 0xffc00000-0xffffffff]
[    1.886015] pci 0000:01:00.0: reg 0x18: [mem 0xffff0000-0xffffffff]
[    1.892364] pci 0000:01:00.0: supports D1
[    1.896386] pci 0000:01:00.0: PME# supported from D0 D1 D3hot D3cold
[    1.912744] pci 0000:00:00.0: BAR 8: assigned [mem 0x1f00000000-0x1f005fffff]
[    1.919915] pci 0000:01:00.0: BAR 1: assigned [mem 0x1f00000000-0x1f003fffff]
[    1.927085] pci 0000:01:00.0: BAR 2: assigned [mem 0x1f00400000-0x1f0040ffff]
[    1.934253] pci 0000:01:00.0: BAR 0: assigned [mem 0x1f00410000-0x1f00413fff]
[    1.941421] pci 0000:00:00.0: PCI bridge to [bus 01]
[    1.946408] pci 0000:00:00.0:   bridge window [mem 0x1f00000000-0x1f005fffff]
[    1.953584] pci 0000:00:00.0: Max Payload Size set to  256/ 512 (was  128), Max Read Rq  512
[    1.962072] pci 0000:01:00.0: Max Payload Size set to  256/ 256 (was  128), Max Read Rq  512
[    1.970605] pcieport 0000:00:00.0: enabling device (0000 -> 0002)
[    1.976751] pcieport 0000:00:00.0: PME: Signaling with IRQ 36
[    1.982563] pcieport 0000:00:00.0: AER: enabled with IRQ 36
[    1.988204] rp1 0000:01:00.0: bar0 len 0x4000, start 0x1f00410000, end 0x1f00413fff, flags, 0x40200
[    1.997290] rp1 0000:01:00.0: bar1 len 0x400000, start 0x1f00000000, end 0x1f003fffff, flags, 0x40200
[    2.006555] rp1 0000:01:00.0: enabling device (0000 -> 0002)
[    2.012859] rp1 0000:01:00.0: chip_id 0x20001927
[    2.021552] genirq: irq_chip rp1_irq_chip did not update eff. affinity mask of irq 98
[    2.046699] macb 1f00100000.ethernet eth0: Cadence GEM rev 0x00070109 at 0x1f00100000 irq 104 (88:a2:9e:82:bb:4d)
[    2.057746] dw_axi_dmac_platform 1f00188000.dma: DesignWare AXI DMA Controller, 8 channels
[    2.066257] xhci-hcd xhci-hcd.0: xHCI Host Controller
[    2.071330] xhci-hcd xhci-hcd.0: new USB bus registered, assigned bus number 1
[    2.079008] xhci-hcd xhci-hcd.0: hcc params 0x0240fe6d hci version 0x110 quirks 0x0000008000000810
[    2.088011] xhci-hcd xhci-hcd.0: irq 129, io mem 0x1f00200000
[    2.093832] xhci-hcd xhci-hcd.0: xHCI Host Controller
[    2.098905] xhci-hcd xhci-hcd.0: new USB bus registered, assigned bus number 2
[    2.106157] xhci-hcd xhci-hcd.0: Host supports USB 3.0 SuperSpeed
[    2.112313] usb usb1: New USB device found, idVendor=1d6b, idProduct=0002, bcdDevice= 6.06
[    2.120612] usb usb1: New USB device strings: Mfr=3, Product=2, SerialNumber=1
[    2.127861] usb usb1: Product: xHCI Host Controller
[    2.132753] usb usb1: Manufacturer: Linux 6.6.63-v8-16k xhci-hcd
[    2.138783] usb usb1: SerialNumber: xhci-hcd.0
[    2.143327] hub 1-0:1.0: USB hub found
[    2.147097] hub 1-0:1.0: 2 ports detected
[    2.151218] usb usb2: New USB device found, idVendor=1d6b, idProduct=0003, bcdDevice= 6.06
[    2.159517] usb usb2: New USB device strings: Mfr=3, Product=2, SerialNumber=1
[    2.166770] usb usb2: Product: xHCI Host Controller
[    2.171663] usb usb2: Manufacturer: Linux 6.6.63-v8-16k xhci-hcd
[    2.177753] usb usb2: SerialNumber: xhci-hcd.0
[    2.182285] hub 2-0:1.0: USB hub found
[    2.186052] hub 2-0:1.0: 1 port detected
[    2.190192] xhci-hcd xhci-hcd.1: xHCI Host Controller
[    2.195370] xhci-hcd xhci-hcd.1: new USB bus registered, assigned bus number 3
[    2.203046] xhci-hcd xhci-hcd.1: hcc params 0x0240fe6d hci version 0x110 quirks 0x0000008000000810
[    2.212149] xhci-hcd xhci-hcd.1: irq 134, io mem 0x1f00300000
[    2.217969] xhci-hcd xhci-hcd.1: xHCI Host Controller
[    2.223041] xhci-hcd xhci-hcd.1: new USB bus registered, assigned bus number 4
[    2.230394] xhci-hcd xhci-hcd.1: Host supports USB 3.0 SuperSpeed
[    2.236534] usb usb3: New USB device found, idVendor=1d6b, idProduct=0002, bcdDevice= 6.06
[    2.244929] usb usb3: New USB device strings: Mfr=3, Product=2, SerialNumber=1
[    2.252181] usb usb3: Product: xHCI Host Controller
[    2.257073] usb usb3: Manufacturer: Linux 6.6.63-v8-16k xhci-hcd
[    2.263198] usb usb3: SerialNumber: xhci-hcd.1
[    2.267720] hub 3-0:1.0: USB hub found
[    2.271488] hub 3-0:1.0: 2 ports detected
[    2.275590] usb usb4: New USB device found, idVendor=1d6b, idProduct=0003, bcdDevice= 6.06
[    2.283987] usb usb4: New USB device strings: Mfr=3, Product=2, SerialNumber=1
[    2.291240] usb usb4: Product: xHCI Host Controller
[    2.296154] usb usb4: Manufacturer: Linux 6.6.63-v8-16k xhci-hcd
[    2.302286] usb usb4: SerialNumber: xhci-hcd.1
[    2.306860] hub 4-0:1.0: USB hub found
[    2.310635] hub 4-0:1.0: 1 port detected
[    2.315205] bcm2712-iommu 1000005100.iommu: bcm2712_iommu_init: DEBUG_INFO = 0x20804774
[    2.323801] platform 1000800000.codec: bcm2712_iommu_probe_device: MMU 1000005100.iommu
[    2.331839] platform 1000800000.codec: bcm2712_iommu_device_group: MMU 1000005100.iommu
[    2.340079] platform 1000800000.codec: Adding to iommu group 0
[    2.345939] platform 1000880000.pisp_be: bcm2712_iommu_probe_device: MMU 1000005100.iommu
[    2.354350] platform 1000880000.pisp_be: bcm2712_iommu_device_group: MMU 1000005100.iommu
[    2.362561] platform 1000880000.pisp_be: Adding to iommu group 0
[    2.368608] platform 1000800000.codec: bcm2712_iommu_attach_dev: MMU 1000005100.iommu
[    2.376655] platform 1000880000.pisp_be: bcm2712_iommu_attach_dev: MMU 1000005100.iommu
[    2.384714] bcm2712-iommu 1000005100.iommu: bcm2712_iommu_probe: Success
[    2.392031] bcm2712-iommu 1000005200.iommu: bcm2712_iommu_init: DEBUG_INFO = 0x20804774
[    2.400448] bcm2712-iommu 1000005200.iommu: bcm2712_iommu_probe: Success
[    2.407734] bcm2712-iommu 1000005280.iommu: bcm2712_iommu_init: DEBUG_INFO = 0x20804774
[    2.416128] bcm2712-iommu 1000005280.iommu: bcm2712_iommu_probe: Success
[    2.423330] sdhci-brcmstb 1000fff000.mmc: Got CD GPIO
[    2.428525] mmc0: CQHCI version 5.10
[    2.428656] mmc1: CQHCI version 5.10
[    2.432388] device-mapper: init: waiting for all devices to be available before creating mapped devices
[    2.481001] mmc0: SDHCI controller on 1000fff000.mmc [1000fff000.mmc] using ADMA 64-bit
[    2.603239] mmc0: new ultra high speed SDR104 SDXC card at address 0001
[    2.610042] mmcblk0: mmc0:0001 SD 58.2 GiB
[    2.617036] GPT:Primary header thinks Alt. header is not at the end of the disk.
[    2.624464] GPT:7004193 != 122138623
[    2.628049] GPT:Alternate GPT header not at the end of the disk.
[    2.634075] GPT:7004193 != 122138623
[    2.635250] mmc1: SDHCI controller on 1001100000.mmc [1001100000.mmc] using ADMA 64-bit
[    2.637656] GPT: Use GNU Parted to correct GPT errors.
[    2.637662]  mmcblk0: p1 p2 p3 p4 p5
[    2.654600] mmcblk0: mmc0:0001 SD 58.2 GiB
[    2.658758] device-mapper: init: waiting for device /dev/mmcblk0p4 ...
[    2.665324] device-mapper: init: all devices available
[    2.670564] device-mapper: verity: sha256 using implementation "sha256-generic"
[    2.678079] device-mapper: ioctl: dm-0 (vroot) is ready
[    2.683331] of_cfs_init
[    2.685804] of_cfs_init: OK
[    2.689078] clk: Disabling unused clocks
[    2.689236] mmc1: new ultra high speed DDR50 SDIO card at address 0001
[    2.693157] ALSA device list:
[    2.702538]   No soundcards found.
[    2.705985] uart-pl011 107d001000.serial: no DMA platform data
[    2.735476] EXT4-fs (dm-0): write access unavailable, skipping orphan cleanup
[    2.742672] EXT4-fs (dm-0): mounted filesystem aac804d4-df3a-4bab-8a00-7ce453fdde73 ro with ordered data mode. Quota mode: none.
[    2.754305] VFS: Mounted root (ext4 filesystem) readonly on device 254:0.
[    2.761573] devtmpfs: mounted
[    2.767007] Freeing unused kernel memory: 5376K
[    2.771601] Run /sbin/init as init process
[    3.039156] NET: Registered PF_INET6 protocol family
[    3.044432] Segment Routing with IPv6
[    3.048134] In-situ OAM (IOAM) with IPv6
[    3.077170] systemd[1]: systemd 255.21^ running in system mode (-PAM -AUDIT -SELINUX -APPARMOR +IMA -SMACK +SECCOMP -GCRYPT -GNUTLS -OPENSSL +ACL +BLKID -CURL -ELFUTILS -FIDO2 -IDN2 -IDN -IPTC +KMOD -LIBCRYPTSETUP +LIBFDISK -PCRE2 -PWQUALITY -P11KIT -QRENCODE -TPM2 -BZIP2 -LZ4 -XZ -ZLIB +ZSTD -BPF_FRAMEWORK +XKBCOMMON +UTMP +SYSVINIT default-hierarchy=unified)
[    3.109241] systemd[1]: Detected architecture arm64.

Welcome to [1mPoky (Yocto Project Reference Distro) 5.0.14 (scarthgap)[0m!

[    3.134754] systemd[1]: Hostname set to <raspberrypi5-uboot-tpm>.
[    3.145529] systemd[1]: Initializing machine ID from random generator.
[    3.152123] systemd[1]: Installed transient /etc/machine-id file.
[    3.332740] systemd[1]: Queued start job for default target Multi-User System.
[    3.373279] systemd[1]: Created slice Slice /system/modprobe.
[[0;32m  OK  [0m] Created slice [0;1;39mSlice /system/modprobe[0m.
[    3.392963] systemd[1]: Created slice Slice /system/systemd-fsck.
[[0;32m  OK  [0m] Created slice [0;1;39mSlice /system/systemd-fsck[0m.
[    3.412857] systemd[1]: Created slice User and Session Slice.
[[0;32m  OK  [0m] Created slice [0;1;39mUser and Session Slice[0m.
[    3.432784] systemd[1]: Started Dispatch Password Requests to Console Directory Watch.
[[0;32m  OK  [0m] Started [0;1;39mDispatch Password Requests to Console Directory Watch[0m.
[    3.456790] systemd[1]: Started Forward Password Requests to Wall Directory Watch.
[[0;32m  OK  [0m] Started [0;1;39mForward Password Requests to Wall Directory Watch[0m.
[    3.480761] systemd[1]: Expecting device /dev/disk/by-label/data...
         Expecting device [0;1;39m/dev/disk/by-label/data[0m...
[    3.500732] systemd[1]: Expecting device /sys/devices/platform/gpu/graphics/fb0...
         Expecting device [0;1;39m/sys/devices/platform/gpu/graphics/fb0[0m...
[    3.524739] systemd[1]: Reached target Login Prompts.
[[0;32m  OK  [0m] Reached target [0;1;39mLogin Prompts[0m.
[    3.544749] systemd[1]: Reached target Path Units.
[[0;32m  OK  [0m] Reached target [0;1;39mPath Units[0m.
[    3.564744] systemd[1]: Reached target Remote File Systems.
[[0;32m  OK  [0m] Reached target [0;1;39mRemote File Systems[0m.
[    3.584738] systemd[1]: Reached target Slice Units.
[[0;32m  OK  [0m] Reached target [0;1;39mSlice Units[0m.
[    3.604738] systemd[1]: Reached target Swaps.
[[0;32m  OK  [0m] Reached target [0;1;39mSwaps[0m.
[    3.642210] systemd[1]: Listening on RPCbind Server Activation Socket.
[[0;32m  OK  [0m] Listening on [0;1;39mRPCbind Server Activation Socket[0m.
[    3.668766] systemd[1]: Reached target RPC Port Mapper.
[[0;32m  OK  [0m] Reached target [0;1;39mRPC Port Mapper[0m.
[    3.689249] systemd[1]: Listening on Syslog Socket.
[[0;32m  OK  [0m] Listening on [0;1;39mSyslog Socket[0m.
[    3.708789] systemd[1]: Listening on initctl Compatibility Named Pipe.
[[0;32m  OK  [0m] Listening on [0;1;39minitctl Compatibility Named Pipe[0m.
[    3.732908] systemd[1]: Listening on Journal Audit Socket.
[[0;32m  OK  [0m] Listening on [0;1;39mJournal Audit Socket[0m.
[    3.752824] systemd[1]: Listening on Journal Socket (/dev/log).
[[0;32m  OK  [0m] Listening on [0;1;39mJournal Socket (/dev/log)[0m.
[    3.772829] systemd[1]: Listening on Journal Socket.
[[0;32m  OK  [0m] Listening on [0;1;39mJournal Socket[0m.
[    3.792878] systemd[1]: Listening on Network Service Netlink Socket.
[[0;32m  OK  [0m] Listening on [0;1;39mNetwork Service Netlink Socket[0m.
[    3.812845] systemd[1]: Listening on udev Control Socket.
[[0;32m  OK  [0m] Listening on [0;1;39mudev Control Socket[0m.
[    3.832801] systemd[1]: Listening on udev Kernel Socket.
[[0;32m  OK  [0m] Listening on [0;1;39mudev Kernel Socket[0m.
[    3.852819] systemd[1]: Listening on User Database Manager Socket.
[[0;32m  OK  [0m] Listening on [0;1;39mUser Database Manager Socket[0m.
[    3.872836] systemd[1]: Huge Pages File System was skipped because of an unmet condition check (ConditionPathExists=/sys/kernel/mm/hugepages).
[    3.904802] systemd[1]: Mounting POSIX Message Queue File System...
         Mounting [0;1;39mPOSIX Message Queue File System[0m...
[    3.925305] systemd[1]: Mounting Kernel Debug File System...
         Mounting [0;1;39mKernel[    3.931724] systemd[1]: Mounting Kernel Trace File System...
 Debug File System[0m...
         Mounting [0;1;39mKernel Trace F[    3.950776] systemd[1]: Mounting Temporary Directory /tmp...
ile System[0m...
         Mounting [0;1;39mTempor[    3.969713] systemd[1]: Starting Create List of Static Device Nodes...
ary Directory /tmp[0m...
         Starting [0;1;39mCreate[    3.993583] systemd[1]: Starting Load Kernel Module configfs...
 List of Static Device Nodes[0m...
         Starting [0;1;39mLoad K[    4.017571] systemd[1]: Starting Load Kernel Module drm...
ernel Module configfs[0m...
         Starting [0;1;39mLoad K[    4.041603] systemd[1]: Starting Load Kernel Module fuse...
ernel Module drm[0m...
         Starting [0;1;39mLoad Kernel Mo[    4.062348] systemd[1]: Starting RPC Bind...
dule fuse[0m...
         Starting [0;1;39mRPC Bind[0m..[    4.078369] systemd[1]: Starting Journal Service...
.
[    4.090639] fuse: init (API version 7.39)
         Starting [0;1;39mJournal Service[0m...[    4.098870] systemd[1]: Load Kernel Modules was skipped because no trigger condition checks were met.

[    4.111048] systemd[1]: Starting Generate network units from Kernel command line...
         Starting [0;1;39mGenera[    4.121486] systemd[1]: Starting Remount Root and Kernel File Systems...
te network units from Kernel command line[0m...
[    4.145381] systemd-journald[141]: Collecting audit messages is enabled.
         Starting [0;1;39mRemount Root and Kernel File Systems[0m...
[    4.184953] systemd[1]: Starting Apply Kernel Variables...
         Starting [0;1;39mApply Kernel Variables[0m...
[    4.205518] systemd[1]: Starting Coldplug All udev Devices...
         Starting [0;1;39mColdpl[    4.212393] systemd[1]: Started RPC Bind.
ug All udev Devices[0m.[    4.218432] EXT4-fs (dm-0): re-mounted aac804d4-df3a-4bab-8a00-7ce453fdde73 ro. Quota mode: none.
..
[[0;32m  OK  [0m] Started [0;1;39mRPC Bind[0m.
[    4.260895] systemd[1]: Started Journal Service.
[[0;32m  OK  [0m] Started [0;1;39mJournal Service[0m.
[[0;32m  OK  [0m] Mounted [0;1;39mPOSIX Message Queue File System[0m.
[[0;32m  OK  [0m] Mounted [0;1;39mKernel Debug File System[0m.
[[0;32m  OK  [0m] Mounted [0;1;39mKernel Trace File System[0m.
[[0;32m  OK  [0m] Mounted [0;1;39mTemporary Directory /tmp[0m.
[[0;32m  OK  [0m] Finished [0;1;39mCreate List of Static Device Nodes[0m.
[[0;32m  OK  [0m] Finished [0;1;39mLoad Kernel Module configfs[0m.
[[0;32m  OK  [0m] Finished [0;1;39mLoad Kernel Module drm[0m.
[[0;32m  OK  [0m] Finished [0;1;39mLoad Kernel Module fuse[0m.
[[0;32m  OK  [0m] Finished [0;1;39mGenerate network units from Kernel command line[0m.
[[0;32m  OK  [0m] Finished [0;1;39mRemount Root and Kernel File Systems[0m.
[[0;32m  OK  [0m] Finished [0;1;39mApply Kernel Variables[0m.
[[0;32m  OK  [0m] Finished [0;1;39mColdplug All udev Devices[0m.
[[0;32m  OK  [0m] Reached target [0;1;39mPreparation for Network[0m.
         Mounting [0;1;39mFUSE Control File System[0m...
         Mounting [0;1;39mKernel Configuration File System[0m...
         Starting [0;1;39mFlush Journal to Persistent Storage[0m...
[    4.613781] systemd-journald[141]: Received client request to flush runtime journal.
         Starting [0;1;39mCreate Static Device Nodes in /dev gracefully[0m...
[[0;32m  OK  [0m] Mounted [0;1;39mFUSE Control File System[0m.
[[0;32m  OK  [0m] Mounted [0;1;39mKernel Configuration File System[0m.
[[0;32m  OK  [0m] Finished [0;1;39mFlush Journal to Persistent Storage[0m.
[[0;32m  OK  [0m] Finished [0;1;39mCreate Static Device Nodes in /dev gracefully[0m.
         Starting [0;1;39mCreate Static Device Nodes in /dev[0m...
[[0;32m  OK  [0m] Finished [0;1;39mCreate Static Device Nodes in /dev[0m.
[[0;32m  OK  [0m] Reached target [0;1;39mPreparation for Local File Systems[0m.
         Mounting [0;1;39m/var/volatile[0m...
[    4.801144] audit: type=1334 audit(1790429580.767:2): prog-id=6 op=LOAD
[    4.808034] audit: type=1334 audit(1790429580.771:3): prog-id=7 op=LOAD
         Starting [0;1;39mRule-based Manager for Device Events and Files[0m...
[[0;32m  OK  [0m] Mounted [0;1;39m/var/volatile[0m.
         Starting [0;1;39mBind mount volatile /var/cache[0m...
         Starting [0;1;39mBind mount volatile /var/lib[0m...
         Starting [0;1;39mBind mount volatile /var/spool[0m...
         Starting [0;1;39mBind mount volatile /srv[0m...
[[0;32m  OK  [0m] Finished [0;1;39mBind mount volatile /var/cache[0m.
[[0;32m  OK  [0m] Finished [0;1;39mBind mount volatile /var/lib[0m.
[[0;32m  OK  [0m] Finished [0;1;39mBind mount volatile /var/spool[0m.
[[0;32m  OK  [0m] Finished [0;1;39mBind mount volatile /srv[0m.
[[0;32m  OK  [0m] Reached target [0;1;39mLocal File Systems[0m.
         Starting [0;1;39mLoad/Save OS Random Seed[0m...
         Starting [0;1;39mCreate System Files and Directories[0m...
[    5.049367] audit: type=1334 audit(1790429581.015:4): prog-id=8 op=LOAD
[    5.056032] audit: type=1334 audit(1790429581.019:5): prog-id=9 op=LOAD
[    5.062678] audit: type=1334 audit(1790429581.027:6): prog-id=10 op=LOAD
         Starting [0;1;39mUser Database Manager[0m...
[[0;32m  OK  [0m] Finished [0;1;39mLoad/Save OS Random Seed[0m.
[[0;32m  OK  [0m] Started [0;1;39mUser Database Manager[0m.
[[0;32m  OK  [0m] Finished [0;1;39mCreate System Files and Directories[0m.
[    5.146707] audit: type=1334 audit(1790429581.111:7): prog-id=11 op=LOAD
         Starting [0;1;39mNetwork Name Resolution[0m...
[    5.189300] audit: type=1334 audit(1790429581.155:8): prog-id=12 op=LOAD
         Starting [0;1;39mNetwork Time Synchronization[0m...
         Starting [0;1;39mRecord System Boot/Shutdown in UTMP[0m...
[[0;32m  OK  [0m] Started [0;1;39mRule-based Manager for Device Events and Files[0m.
[[0;32m  OK  [0m] Finished [0;1;39mRecord System Boot/Shutdown in UTMP[0m.
[[0;32m  OK  [0m] Started [0;1;39mNetwork Time Synchronization[0m.
[[0;32m  OK  [0m] Started [0;1;39mNetwork Name Resolution[0m.
[    5.318173] tpm_tis_spi spi0.1: 2.0 TPM (device-id 0x1D, rev-id 54)
[    5.318218] rpi-gpiomem 107d508500.gpiomem: window base 0x107d508500 size 0x00000040
[    5.333914] rpi-gpiomem 107d508500.gpiomem: initialised 1 regions as /dev/gpiomem1
[[0;32m  OK  [0m] Reached targe[    5.341812] rpi-gpiomem 107d517c00.gpiomem: window base 0x107d517c00 size 0x00000040
t [0;1;39mHost and Netw[    5.352317] rpi-gpiomem 107d517c00.gpiomem: initialised 1 regions as /dev/gpiomem2
ork Name Lookups[0m.
[    5.361978] rpi-gpiomem 107d504100.gpiomem: window base 0x107d504100 size 0x00000020
[    5.371824] rpi-gpiomem 107d504100.gpiomem: initialised 1 regions as /dev/gpiomem3
[    5.379537] rpi-gpiomem 107d510700.gpiomem: window base 0x107d510700 size 0x00000020
[    5.387447] rpi-gpiomem 107d510700.gpiomem: initialised 1 regions as /dev/gpiomem4
[    5.395794] rpi-gpiomem 1f000d0000.gpiomem: window base 0x1f000d0000 size 0x00030000
[    5.403666] rpi-gpiomem 1f000d0000.gpiomem: initialised 1 regions as /dev/gpiomem0
[    5.403806] rp1-firmware rp1_firmware: RP1 Firmware version 658de8ab25a7ec62b6393624a22a35c39a7c3382
[[0;32m  OK  [0m] Reached target [0;1;39mSystem Initialization[0m.
[    5.436319] rp1-pio 1f00178000.pio: Created instance as pio0
[[0;32m  OK  [0m] Started [0;1;39mDaily Cleanup of Temporary Directories[0m.
[[0;32m  OK  [0m] Reached target [0;1;39mSystem Time Set[0m.
[    5.471393] mc: Linux media interface: v0.10
[[0;32m  OK  [0m] Reached target [0;1;39mTimer Units[0m.
[[0;32m  OK  [0m] Listening on [0;1;39mAvahi mDNS/DNS-SD Stack Activation Socket[0m.
[    5.510434] videodev: Linux video capture interface: v2.00
[    5.520840] input: pwr_button as /devices/platform/pwr_button/input/input0
[[0;32m  OK  [0m] Listening on [0;1;39mD-Bus System Message Bus Socket[0m.
[    5.564205] pispbe 1000880000.pisp_be: bcm2712_iommu_of_xlate: MMU 1000005100.iommu
[    5.575565] rpivid_hevc: module is from the staging directory, the quality is unknown, you have been warned.
[    5.577238] pispbe 1000880000.pisp_be: Runtime PM usage count underflow!
[    5.597520] rpivid 1000800000.codec: bcm2712_iommu_of_xlate: MMU 1000005100.iommu
[    5.608832] cfg80211: Loading compiled-in X.509 certificates for regulatory database
[    5.613181] rpivid 1000800000.codec: Device registered as /dev/video19
[    5.622002] Loaded X.509 cert 'benh@debian.org: 577e021cb980e0e820821ba7b54b4961b8b4fadf'
[    5.631642] Loaded X.509 cert 'romain.perier@gmail.com: 3abbc6ec146e09d1b6016ab9d6cf71dd233f0328'
[    5.633434] Bluetooth: Core ver 2.22
[    5.641021] Loaded X.509 cert 'sforshee: 00b28ddf47aef9cea7'
[    5.644223] NET: Registered PF_BLUETOOTH protocol family
[    5.650048] Loaded X.509 cert 'wens: 61c038651aabdcf94bd0ac7ff06c7248db18c600'
[    5.655244] Bluetooth: HCI device and connection manager initialized
[[0;32m  OK  [0m] Listening on [    5.668854] Bluetooth: HCI socket layer initialized
[0;1;39mdropbear.socket[    5.676699] Bluetooth: L2CAP socket layer initialized
[0m.
[    5.683854] Bluetooth: SCO socket layer initialized
[    5.694018] Bluetooth: HCI UART driver ver 2.3
[    5.698720] Bluetooth: HCI UART protocol H4 registered
[    5.703937] Bluetooth: HCI UART protocol Three-wire (H5) registered
[    5.710396] hci_uart_bcm serial0-0: supply vbat not found, using dummy regulator
[    5.717887] Bluetooth: HCI UART protocol Broadcom registered
[    5.720772] hci_uart_bcm serial0-0: supply vddio not found, using dummy regulator
[[0;32m  OK  [0m] Reached targe[    5.732395] brcmfmac: brcmf_fw_alloc_request: using brcm/brcmfmac43455-sdio for chip BCM4345/6
t [0;1;39mSocket Units[    5.742807] usbcore: registered new interface driver brcmfmac
[0m.
[[0;32m  OK  [0m] Reached target [0;1;39mBasic System[0m.
         Starting [0;1;39mAvahi mDNS/DNS-SD Stack[0m...
[[0;32m  OK  [0m] Started [0;1;39mKernel Logging Service[0m.
[[0;32m  OK  [0m] Started [0;1;39mSystem Logging Service[0m.
         Starting [0;1;39mD-Bus System Message Bus[0m...
         Starting [0;1;39mTelephony service[0m...
[    5.878052] audit: type=1334 audit(1790429581.843:9): prog-id=13 op=LOAD
[    5.884805] audit: type=1334 audit(1790429581.851:10): prog-id=14 op=LOAD
[    5.891836] audit: type=1334 audit(1790429581.855:11): prog-id=15 op=LOAD
         Starting [0;1;39mUser L[    5.899620] audit: type=1334 audit(1790429581.863:12): prog-id=16 op=LOAD
ogin Management[0m...
         Starting [0;1;39mNetwork Configuration[0m...
[[0;32m  OK  [0m] Found device [0;1;39m/dev/disk/by-label/data[0m.
[[0;32m  OK  [0m] Started [0;1;39mD-Bus System Message Bus[0m.
[[0;32m  OK  [0m] Started [0;1;39mUser Login Management[0m.
[    5.976859] brcmfmac: brcmf_c_process_txcap_blob: no txcap_blob available (err=-2)
[    5.992876] brcmfmac: brcmf_c_preinit_dcmds: Firmware: BCM4345/6 wl0: Aug 29 2023 01:47:08 version 7.45.265 (28bca26 CY) FWID 01-b677b91b
[    6.006593] spi_gpio: probe of spi-gpio failed with error -16
[[0;32m  OK  [0m] Started [0;1;39mTelephony service[0m.
[[0;32m  OK  [0m] Started [0;1;39mAvahi mDNS/DNS-SD Stack[0m.
         Starting [0;1;39mFile System Check on /dev/disk/by-label/data[0m...
[[0;32m  OK  [0m] Listening on [0;1;39mLoad/Save RF Kill Switch Status /dev/rfkill Watch[0m.
         Starting [0;1;39mVirtual Console Setup[0m...
         Starting [0;1;39mLoad/Save RF Kill Switch Status[0m...
[    6.101252] Bluetooth: hci0: BCM: chip id 107
[    6.107420] Bluetooth: hci0: BCM: features 0x2f
[    6.113358] Bluetooth: hci0: BCM4345C0
[    6.117201] Bluetooth: hci0: BCM4345C0 (003.001.025) build 0000
[    6.126077] Bluetooth: hci0: BCM4345C0 'brcm/BCM4345C0.hcd' Patch
[[0;32m  OK  [0m] Started [0;1;39mLoad/Save RF Kill Switch Status[0m.
[[0;32m  OK  [0m] Created slice [0;1;39mSlice /system/bthelper[0m.
[    6.169279] macb 1f00100000.ethernet eth0: PHY [1f00100000.ethernet-ffffffff:01] driver [Broadcom BCM54213PE] (irq=POLL)
[    6.180537] macb 1f00100000.ethernet eth0: configuring for phy/rgmii-id link mode
         Starting [0;1;39mRaspberry Pi bluetooth helper[0m...[    6.191517] pps pps0: new PPS source ptp0

[[0;32m  OK  [0m] St[    6.197944] macb 1f00100000.ethernet: gem-ptp-timer ptp clock registered.
arted [0;1;39mNetwork Configuration[0m.
[[0;32m  OK  [0m] Reached target [0;1;39mMulti-User System[0m.
[[0;32m  OK  [0m] Reached target [0;1;39mNetwork[0m.
         Starting [0;1;39mRecord Runlevel Change in UTMP[0m...
[[0;32m  OK  [0m] Finished [0;1;39mRecord Runlevel Change in UTMP[0m.
[[0;32m  OK  [0m] Finished [0;1;39mFile System Check on /dev/disk/by-label/data[0m.
         Mounting [0;1;39m/data[0m...
[[0;32m  OK  [0m] Finished [0;1;39mVirtual Console Setup[0m.
[    6.414982] EXT4-fs (mmcblk0p5): mounted filesystem 3924175a-14b0-4a0f-bd47-0e87a1c1c592 r/w with ordered data mode. Quota mode: none.
[[0;32m  OK  [0m] Mounted [0;1;39m/data[0m.
[    6.821339] Bluetooth: hci0: BCM: features 0x2f
[    6.827250] Bluetooth: hci0: BCM43455 37.4MHz Raspberry Pi 3+-0190
[    6.833456] Bluetooth: hci0: BCM4345C0 (003.001.025) build 0382
[    6.839676] Bluetooth: hci0: BCM: Using default device address (43:45:c0:00:1f:ac)
[[0;32m  OK  [0m] Finished [0;1;39mRaspberry Pi bluetooth helper[0m.
         Starting [0;1;39mBluetooth service[0m...
[[0;32m  OK  [0m] Started [0;1;39mBluetooth service[0m.
[    7.010912] Bluetooth: BNEP (Ethernet Emulation) ver 1.3
[    7.016256] Bluetooth: BNEP filters: protocol multicast
[    7.021512] Bluetooth: BNEP socket layer initialized
[    7.030147] Bluetooth: MGMT ver 1.22
[    7.036827] NET: Registered PF_ALG protocol family
[[0;32m  OK  [0m] Reached target [0;1;39mBluetooth Support[0m.
[    7.053318] Bluetooth: RFCOMM TTY layer initialized
[    7.058749] Bluetooth: RFCOMM socket layer initialized
[    7.063922] Bluetooth: RFCOMM ver 1.11
[    7.077442] audit: type=1334 audit(1790429583.043:13): prog-id=17 op=LOAD
[    7.084334] audit: type=1334 audit(1790429583.051:14): prog-id=18 op=LOAD
[    7.091162] audit: type=1334 audit(1790429583.051:15): prog-id=19 op=LOAD
         Starting [0;1;39mHostname Service[0m...
[[0;32m  OK  [0m] Started [0;1;39mHostname Service[0m.
[    9.269748] macb 1f00100000.ethernet eth0: Link is Up - 1Gbps/Full - flow control tx
[[0m[0;31m*     [0m] A start job is running for /sys/dev…m/gpu/graphics/fb0 (6s / 1min 30s)
M[K[[0;1;31m*[0m[0;31m*    [0m] A start job is running for /sys/dev…m/gpu/graphics/fb0 (6s / 1min 30s)
M[K[[0;31m*[0;1;31m*[0m[0;31m*   [0m] A start job is running for /sys/dev…m/gpu/graphics/fb0 (7s / 1min 30s)
M[K[ [0;31m*[0;1;31m*[0m[0;31m*  [0m] A start job is running for /sys/dev…m/gpu/graphics/fb0 (7s / 1min 30s)
M[K[  [0;31m*[0;1;31m*[0m[0;31m* [0m] A start job is running for /sys/dev…m/gpu/graphics/fb0 (8s / 1min 30s)
M[K[   [0;31m*[0;1;31m*[0m[0;31m*[0m] A start job is running for /sys/dev…m/gpu/graphics/fb0 (8s / 1min 30s)
M[K[[0;32m  OK  [0m] Created slice [0;1;39mSlice /system/dropbear[0m.
[K[[0;32m  OK  [0m] Started [0;1;39mSSH Per-Connection Server (192.168.10.224:34724)[0m.
[[0;32m  OK  [0m] Started [0;1;39mSSH Per-Connection Server (192.168.10.224:34736)[0m.
[    [0;31m*[0;1;31m*[0m] A start job is running for /sys/dev…/gpu/graphics/fb0 (12s / 1min 30s)
M[K[     [0;31m*[0m] A start job is running for /sys/dev…/gpu/graphics/fb0 (12s / 1min 30s)
M[K[    [0;31m*[0;1;31m*[0m] A start job is running for /sys/dev…/gpu/graphics/fb0 (13s / 1min 30s)
M[K[   [0;31m*[0;1;31m*[0m[0;31m*[0m] A start job is running for /sys/dev…/gpu/graphics/fb0 (13s / 1min 30s)
M[K[  [0;31m*[0;1;31m*[0m[0;31m* [0m] A start job is running for /sys/dev…/gpu/graphics/fb0 (14s / 1min 30s)
M[K[ [0;31m*[0;1;31m*[0m[0;31m*  [0m] A start job is running for /sys/dev…/gpu/graphics/fb0 (14s / 1min 30s)
M[K[[0;31m*[0;1;31m*[0m[0;31m*   [0m] A start job is running for /sys/dev…/gpu/graphics/fb0 (15s / 1min 30s)
M[K[[0;1;31m*[0m[0;31m*    [0m] A start job is running for /sys/dev…/gpu/graphics/fb0 (16s / 1min 30s)
M[K[[0m[0;31m*     [0m] A start job is running for /sys/dev…/gpu/graphics/fb0 (16s / 1min 30s)
M[K[[0;1;31m*[0m[0;31m*    [0m] A start job is running for /sys/dev…/gpu/graphics/fb0 (17s / 1min 30s)
M[K[[0;31m*[0;1;31m*[0m[0;31m*   [0m] A start job is running for /sys/dev…/gpu/graphics/fb0 (17s / 1min 30s)
M[K[ [0;31m*[0;1;31m*[0m[0;31m*  [0m] A start job is running for /sys/dev…/gpu/graphics/fb0 (18s / 1min 30s)
M[K[  [0;31m*[0;1;31m*[0m[0;31m* [0m] A start job is running for /sys/dev…/gpu/graphics/fb0 (19s / 1min 30s)
M[K[   [0;31m*[0;1;31m*[0m[0;31m*[0m] A start job is running for /sys/dev…/gpu/graphics/fb0 (19s / 1min 30s)
M[K[    [0;31m*[0;1;31m*[0m] A start job is running for /sys/dev…/gpu/graphics/fb0 (20s / 1min 30s)
M[K[     [0;31m*[0m] A start job is running for /sys/dev…/gpu/graphics/fb0 (20s / 1min 30s)
M[K[    [0;31m*[0;1;31m*[0m] A start job is running for /sys/dev…/gpu/graphics/fb0 (21s / 1min 30s)
M[K[   [0;31m*[0;1;31m*[0m[0;31m*[0m] A start job is running for /sys/dev…/gpu/graphics/fb0 (21s / 1min 30s)
M[K[  [0;31m*[0;1;31m*[0m[0;31m* [0m] A start job is running for /sys/dev…/gpu/graphics/fb0 (22s / 1min 30s)
M[K[ [0;31m*[0;1;31m*[0m[0;31m*  [0m] A start job is running for /sys/dev…/gpu/graphics/fb0 (23s / 1min 30s)
M[K[[0;31m*[0;1;31m*[0m[0;31m*   [0m] A start job is running for /sys/dev…/gpu/graphics/fb0 (23s / 1min 30s)
M[K[[0;1;31m*[0m[0;31m*    [0m] A start job is running for /sys/dev…/gpu/graphics/fb0 (24s / 1min 30s)
M[K[[0m[0;31m*     [0m] A start job is running for /sys/dev…/gpu/graphics/fb0 (24s / 1min 30s)
M[K[[0;1;31m*[0m[0;31m*    [0m] A start job is running for /sys/dev…/gpu/graphics/fb0 (25s / 1min 30s)
M[K[[0;31m*[0;1;31m*[0m[0;31m*   [0m] A start job is running for /sys/dev…/gpu/graphics/fb0 (26s / 1min 30s)
M[K[ [0;31m*[0;1;31m*[0m[0;31m*  [0m] A start job is running for /sys/dev…/gpu/graphics/fb0 (26s / 1min 30s)
M[K[  [0;31m*[0;1;31m*[0m[0;31m* [0m] A start job is running for /sys/dev…/gpu/graphics/fb0 (27s / 1min 30s)
M[K[   [0;31m*[0;1;31m*[0m[0;31m*[0m] A start job is running for /sys/dev…/gpu/graphics/fb0 (27s / 1min 30s)
M[K[    [0;31m*[0;1;31m*[0m] A start job is running for /sys/dev…/gpu/graphics/fb0 (28s / 1min 30s)
M[K[     [0;31m*[0m] A start job is running for /sys/dev…/gpu/graphics/fb0 (28s / 1min 30s)
M[K[    [0;31m*[0;1;31m*[0m] A start job is running for /sys/dev…/gpu/graphics/fb0 (29s / 1min 30s)
M[K[   [0;31m*[0;1;31m*[0m[0;31m*[0m] A start job is running for /sys/dev…/gpu/graphics/fb0 (30s / 1min 30s)
M[K[  [0;31m*[0;1;31m*[0m[0;31m* [0m] A start job is running for /sys/dev…/gpu/graphics/fb0 (30s / 1min 30s)
M[K[ [0;31m*[0;1;31m*[0m[0;31m*  [0m] A start job is running for /sys/dev…/gpu/graphics/fb0 (31s / 1min 30s)
M[K[[0;31m*[0;1;31m*[0m[0;31m*   [0m] A start job is running for /sys/dev…/gpu/graphics/fb0 (31s / 1min 30s)
M[K[[0;32m  OK  [0m] Started [0;1;39mSSH Per-Connection Server (192.168.10.224:46620)[0m.
[K[[0;1;31m*[0m[0;31m*    [0m] A start job is running for /sys/dev…/gpu/graphics/fb0 (33s / 1min 30s)
M[K[[0m[0;31m*     [0m] A start job is running for /sys/dev…/gpu/graphics/fb0 (34s / 1min 30s)
M[K[[0;1;31m*[0m[0;31m*    [0m] A start job is running for /sys/dev…/gpu/graphics/fb0 (35s / 1min 30s)
M[K[[0;31m*[0;1;31m*[0m[0;31m*   [0m] A start job is running for /sys/dev…/gpu/graphics/fb0 (35s / 1min 30s)
[   39.440748] audit: type=1334 audit(1790429615.407:16): prog-id=19 op=UNLOAD
[   39.447752] audit: type=1334 audit(1790429615.407:17): prog-id=18 op=UNLOAD
[   39.454788] audit: type=1334 audit(1790429615.407:18): prog-id=17 op=UNLOAD
M[K[ [0;31m*[0;1;31m*[0m[0;31m*  [0m] A start job is running for /sys/dev…/gpu/graphics/fb0 (36s / 1min 30s)
M[K[  [0;31m*[0;1;31m*[0m[0;31m* [0m] A start job is running for /sys/dev…/gpu/graphics/fb0 (36s / 1min 30s)
M[K[   [0;31m*[0;1;31m*[0m[0;31m*[0m] A start job is running for /sys/dev…/gpu/graphics/fb0 (37s / 1min 30s)
M[K[    [0;31m*[0;1;31m*[0m] A start job is running for /sys/dev…/gpu/graphics/fb0 (38s / 1min 30s)
M[K[     [0;31m*[0m] A start job is running for /sys/dev…/gpu/graphics/fb0 (38s / 1min 30s)
M[K[    [0;31m*[0;1;31m*[0m] A start job is running for /sys/dev…/gpu/graphics/fb0 (39s / 1min 30s)
M[K[   [0;31m*[0;1;31m*[0m[0;31m*[0m] A start job is running for /sys/dev…/gpu/graphics/fb0 (39s / 1min 30s)
M[K[  [0;31m*[0;1;31m*[0m[0;31m* [0m] A start job is running for /sys/dev…/gpu/graphics/fb0 (40s / 1min 30s)
M[K[ [0;31m*[0;1;31m*[0m[0;31m*  [0m] A start job is running for /sys/dev…/gpu/graphics/fb0 (40s / 1min 30s)
M[K[[0;31m*[0;1;31m*[0m[0;31m*   [0m] A start job is running for /sys/dev…/gpu/graphics/fb0 (41s / 1min 30s)
M[K[[0;1;31m*[0m[0;31m*    [0m] A start job is running for /sys/dev…/gpu/graphics/fb0 (42s / 1min 30s)
M[K[[0m[0;31m*     [0m] A start job is running for /sys/dev…/gpu/graphics/fb0 (42s / 1min 30s)
M[K[[0;1;31m*[0m[0;31m*    [0m] A start job is running for /sys/dev…/gpu/graphics/fb0 (43s / 1min 30s)
M[K[[0;31m*[0;1;31m*[0m[0;31m*   [0m] A start job is running for /sys/dev…/gpu/graphics/fb0 (43s / 1min 30s)
M[K[[0;32m  OK  [0m] Started [0;1;39mSSH Per-Connection Server (192.168.10.224:34868)[0m.
[K[[0;32m  OK  [0m] Started [0;1;39mSSH Per-Connection Server (192.168.10.224:34878)[0m.
[[0;32m  OK  [0m] Started [0;1;39mSSH Per-Connection Server (192.168.10.224:34888)[0m.
[[0;32m  OK  [0m] Started [0;1;39mSSH Per-Connection Server (192.168.10.224:34902)[0m.
[[0;32m  OK  [0m] Removed slice [0;1;39mSlice /system/modprobe[0m.
[[0;32m  OK  [0m] Stopped target [0;1;39mBluetooth Support[0m.
[[0;32m  OK  [0m] Stopped target [0;1;39mMulti-User System[0m.
[[0;32m  OK  [0m] Stopped target [0;1;39mLogin Prompts[0m.
[[0;32m  OK  [0m] Stopped target [0;1;39mNetwork[0m.
[[0;32m  OK  [0m] Stopped target [0;1;39mHost and Network Name Lookups[0m.
[[0;32m  OK  [0m] Stopped target [0;1;39mRemote File Systems[0m.
[[0;32m  OK  [0m] Stopped target [0;1;39mRPC Port Mapper[0m.
[[0;32m  OK  [0m] Stopped target [0;1;39mSystem Time Set[0m.
[[0;32m  OK  [0m] Stopped target [0;1;39mTimer Units[0m.
[[0;32m  OK  [0m] Stopped [0;1;39mDaily Cleanup of Temporary Directories[0m.
[[0;32m  OK  [0m] Closed [0;1;39mLoad/Save RF Kill Switch Status /dev/rfkill Watch[0m.
         Stopping [0;1;39mAvahi mDNS/DNS-SD Stack[0m...
         Stopping [0;1;39mBluetooth service[0m...
         Stopping [0;1;39mKernel Logging Service[0m...
         Stopping [0;1;39mSystem Logging Service[0m...
         Stopping [0;1;39mD-Bus System Message Bus[0m...
         Stopping [0;1;39mSSH Per-Connection Server (192.168.10.224:34902)[0m...
         Stopping [0;1;39mTelephony service[0m...
         Stopping [0;1;39mUser Login Management[0m...
         Stopping [0;1;39mNetwork Configuration[0m...
         Stopping [0;1;39mLoad/Save OS Random Seed[0m...
[[0;32m  OK  [0m] Stopped [0;1;39mAvahi mDNS/DNS-SD Stack[0m.
[[0;32m  OK  [0m] Stopped [0;1;39mKernel Logging Service[0m.
[[0;32m  OK  [0m] Stopped [0;1;39mSystem Logging Service[0m.
[[0;32m  OK  [0m] Stopped [0;1;39mD-Bus System Message Bus[0m.
[[0;32m  OK  [0m] Stopped [0;1;39mTelephony service[0m.
[[0;32m  OK  [0m] Stopped [0;1;39mUser Login Management[0m.
[[0;32m  OK  [0m] Stopped [0;1;39mNetwork Configuration[0m.
[[0;32m  OK  [0m] Stopped [0;1;39mBluetooth service[0m.
[[0;32m  OK  [0m] Stopped [0;1;39mSSH Per-Connection Server (192.168.10.224:34902)[0m.
[[0;32m  OK  [0m] Stopped [0;1;39mLoad/Save OS Random Seed[0m.
[   49.467218] audit: type=1334 audit(1790429625.539:19): prog-id=16 op=UNLOAD
[   49.474226] audit: type=1334 audit(1790429625.539:20): prog-id=13 op=UNLOAD
[[0;32m  OK  [0m] Removed slice [0;1;39mSlice /system/dropbear[0m.
[[0;32m  OK  [0m] Stopped target [0;1;39mPreparation for Network[0m.
         Unmounting [0;1;39m/dat[   49.537917] EXT4-fs (mmcblk0p5): unmounting filesystem 3924175a-14b0-4a0f-bd47-0e87a1c1c592.
a[0m...
[[0;32m  OK  [0m] Stopped [0;1;39mRaspberry Pi bluetooth helper[0m.
[[0;32m  OK  [0m] Removed slice [0;1;39mSlice /system/bthelper[0m.
[[0;32m  OK  [0m] Stopped target [0;1;39mBasic System[0m.
[[0;32m  OK  [0m] Stopped target [0;1;39mPath Units[0m.
[[0;32m  OK  [0m] Stopped [0;1;39mDispatch Password Requests to Console Directory Watch[0m.
[[0;32m  OK  [0m] Stopped [0;1;39mForward Password Requests to Wall Directory Watch[0m.
[[0;32m  OK  [0m] Stopped target [0;1;39mSlice Units[0m.
[[0;32m  OK  [0m] Removed slice [0;1;39mUser and Session Slice[0m.
[[0;32m  OK  [0m] Stopped target [0;1;39mSocket Units[0m.
[[0;32m  OK  [0m] Closed [0;1;39mAvahi mDNS/DNS-SD Stack Activation Socket[0m.
[[0;32m  OK  [0m] Closed [0;1;39mD-Bus System Message Bus Socket[0m.
[[0;32m  OK  [0m] Closed [0;1;39mdropbear.socket[0m.
[[0;32m  OK  [0m] Stopped target [0;1;39mSystem Initialization[0m.
[[0;32m  OK  [0m] Closed [0;1;39mSyslog Socket[0m.
[[0;32m  OK  [0m] Closed [0;1;39mNetwork Service Netlink Socket[0m.
[[0;32m  OK  [0m] Stopped [0;1;39mGenerate network units from Kernel command line[0m.
         Stopping [0;1;39mNetwork Name Resolution[0m...
         Stopping [0;1;39mNetwork Time Synchronization[0m...
         Stopping [0;1;39mRecord System Boot/Shutdown in UTMP[0m...
[[0;32m  OK  [0m] Stopped [0;1;39mNetwork Name Resolution[0m.
[[0;32m  OK  [0m] Stopped [0;1;39mNetwork Time Synchronization[0m.
[[0;32m  OK  [0m] Unmounted [0;1;39m/data[0m.
[   49.916280] audit: type=1334 audit(1790429625.997:21): prog-id=12 op=UNLOAD
[   49.923294] audit: type=1334 audit(1790429625.997:22): prog-id=11 op=UNLOAD
[[0;32m  OK  [0m] Stopped [0;1;39mFile System Check on /dev/disk/by-label/data[0m.
[[0;32m  OK  [0m] Removed slice [0;1;39mSlice /system/systemd-fsck[0m.
[[0;32m  OK  [0m] Stopped [0;1;39mApply Kernel Variables[0m.
[[0;32m  OK  [0m] Stopped [0;1;39mRecord System Boot/Shutdown in UTMP[0m.
[[0;32m  OK  [0m] Stopped [0;1;39mCreate System Files and Directories[0m.
[[0;32m  OK  [0m] Stopped target [0;1;39mLocal File Systems[0m.
         Unmounting [0;1;39m/etc/machine-id[0m...
         Unmounting [0;1;39m/srv[0m...
         Unmounting [0;1;39mTemporary Directory /tmp[0m...
         Unmounting [0;1;39m/var/cache[0m...
         Unmounting [0;1;39m/var/lib[0m...
         Unmounting [0;1;39m/var/spool[0m...
         Stopping [0;1;39mBind mount volatile /var/cache[0m...
         Stopping [0;1;39mBind mount volatile /var/lib[0m...
         Stopping [0;1;39mBind mount volatile /var/spool[0m...
         Stopping [0;1;39mBind mount volatile /srv[0m...
[[0;32m  OK  [0m] Unmounted [0;1;39m/etc/machine-id[0m.
[[0;32m  OK  [0m] Unmounted [0;1;39m/srv[0m.
[[0;32m  OK  [0m] Unmounted [0;1;39mTemporary Directory /tmp[0m.
[[0;32m  OK  [0m] Unmounted [0;1;39m/var/cache[0m.
[[0;32m  OK  [0m] Unmounted [0;1;39m/var/lib[0m.
[[0;32m  OK  [0m] Unmounted [0;1;39m/var/spool[0m.
[[0;32m  OK  [0m] Stopped [0;1;39mBind mount volatile /var/cache[0m.
[[0;32m  OK  [0m] Stopped [0;1;39mBind mount volatile /var/lib[0m.
[[0;32m  OK  [0m] Stopped [0;1;39mBind mount volatile /var/spool[0m.
[[0;32m  OK  [0m] Stopped [0;1;39mBind mount volatile /srv[0m.
         Unmounting [0;1;39m/var/volatile[0m...
[[0;32m  OK  [0m] Unmounted [0;1;39m/var/volatile[0m.
[[0;32m  OK  [0m] Stopped target [0;1;39mPreparation for Local File Systems[0m.
[[0;32m  OK  [0m] Stopped target [0;1;39mSwaps[0m.
[[0;32m  OK  [0m] Reached target [0;1;39mUnmount All Filesystems[0m.
[[0;32m  OK  [0m] Stopped [0;1;39mRemount Root and Kernel File Systems[0m.
[[0;32m  OK  [0m] Stopped [0;1;39mCreate Static Device Nodes in /dev[0m.
[[0;32m  OK  [0m] Stopped [0;1;39mCreate Static Device Nodes in /dev gracefully[0m.
[[0;32m  OK  [0m] Reached target [0;1;39mSystem Shutdown[0m.
[[0;32m  OK  [0m] Reached target [0;1;39mLate Shutdown Services[0m.
[[0;32m  OK  [0m] Finished [0;1;39mSystem Reboot[0m.
[[0;32m  OK  [0m] Reached target [0;1;39mSystem Reboot[0m.
[   50.594710] audit: type=1334 audit(1790429626.681:23): prog-id=10 op=UNLOAD
[   50.601715] audit: type=1334 audit(1790429626.681:24): prog-id=9 op=UNLOAD
[   50.608643] audit: type=1334 audit(1790429626.681:25): prog-id=8 op=UNLOAD
[   50.615555] audit: type=1334 audit(1790429626.681:26): prog-id=7 op=UNLOAD
[   50.622463] audit: type=1334 audit(1790429626.681:27): prog-id=6 op=UNLOAD
[   50.629366] audit: type=1334 audit(1790429626.685:28): prog-id=15 op=UNLOAD
[   50.643157] watchdog: watchdog0: watchdog did not stop!
[   50.653151] systemd-shutdown[1]: Using hardware watchdog 'Broadcom BCM2835 Watchdog timer', version 0, device /dev/watchdog0
[   50.664437] systemd-shutdown[1]: Watchdog running with a hardware timeout of 1min.
[   50.694810] systemd-shutdown[1]: Syncing filesystems and block devices.
[   50.701524] systemd-shutdown[1]: Sending SIGTERM to remaining processes...
[   50.712396] systemd-journald[141]: Received SIGTERM from PID 1 (systemd-shutdow).
[   50.720553] systemd-shutdown[1]: Sending SIGKILL to remaining processes...
[   50.729996] systemd-shutdown[1]: Unmounting file systems.
[   50.735591] systemd-shutdown[1]: All filesystems unmounted.
[   50.741263] systemd-shutdown[1]: Deactivating swaps.
[   50.746264] systemd-shutdown[1]: All swaps deactivated.
[   50.751520] systemd-shutdown[1]: Detaching loop devices.
[   50.758258] systemd-shutdown[1]: All loop devices detached.
[   50.763860] systemd-shutdown[1]: Stopping MD devices.
[   50.768985] systemd-shutdown[1]: All MD devices stopped.
[   50.774320] systemd-shutdown[1]: Detaching DM devices.
[   50.779661] systemd-shutdown[1]: Not all DM devices detached, 1 left.
[   50.786160] systemd-shutdown[1]: Detaching DM devices.
[   50.791500] systemd-shutdown[1]: Not all DM devices detached, 1 left.
[   50.797975] systemd-shutdown[1]: Cannot finalize remaining DM devices, continuing.
[   50.806116] systemd-shutdown[1]: Unable to finalize remaining DM devices, ignoring.
[   50.813986] systemd-shutdown[1]: Syncing filesystems and block devices.
[   50.820653] systemd-shutdown[1]: Rebooting.
[   50.880554] macb 1f00100000.ethernet eth0: Link is Down
[   50.886433] macb 1f00100000.ethernet: gem-ptp-timer ptp clock unregistered.
[   50.893858] kvm: exiting hardware virtualization
[   50.898497] reboot: Restarting system

  1.87 RPi: BOOTSYS release VERSION:465206a2 DATE: 2026/09/10 TIME: 00:06:58
  1.87 MFG_VER: 1
  1.87 BOOTMODE: 0x06 partition 0 build-ts BUILD_TIMESTAMP=1788998818 serial 0af4f481 boardrev a04171 stc 1876164
  1.88 AON_RESET: 00000003 PM_RSTS 00000020
  1.89 POWER_OFF_ON_HALT: 1 WAIT_FOR_POWER_BUTTON 0 power-on-reset 0
  1.89 EEPROM ID 0xef4015
  1.89 SFDP v1.5 Param v1.5 Capacity 2048KB
  1.90 RP1_BOOT chip ID: 0x20001927
  1.91 PCIEx1: PWR 0 DET_WAKE 0
  1.91 part 00000000 reset_info 00000000
  1.91 PMIC power-on reset-event 00000000 rtc 6ab7c9bc alarm 00000000 enabled 0
  1.92 uSD voltage 3.3V
  1.92 SDRAM_CONFIG: 07 board-rev 00000001
  1.92 Initialising SDRAM rank 1 total-size: 8Gbit part: 0 (0x07 0x07) odt: 0
  1.93 memsys_init: 0 8Gbit MCB 0x80015ff0: 7880
  1.94 DDR 4267 Mbps dual-rank:0 byte-mode:0 size-gbit:8 part-config:0 odt:0
  2.44 RP1 FW: load 0
  2.46 RP1_BOOT chip ID: 0x20001927
  3.26 RP1 FW: load 1
  3.67 OTP boardrev a04171 bootrom a a
  3.67 Customer key hash 0e4da3d85c697bf14d80c93d4257754edc7ab80290b0ce317823182b782160b0
  3.68 VC-JTAG unlocked
  3.70 RP1_BOOT chip ID: 0x20001927
  3.71 bootconf.sig
  3.71 hash: 06ff27260a405355d7a129c13dd9b8e16335c0311831468aeb2e886740c7ac28
  3.72 rsa2048: bc31e3bef2ea2b7e487911a21680abd1f3b27c064d6260c3dd48f5fc94757d2263ee3db58a4760778da95a08c69acad45affbb513ba9afabaf26ffa4f3edb1bb9889554c1e2a1d0428d07f4b3fa52688d6182d891216d601525a675016b417669e32851f2b2ab0e805bf41e1fbae82211c139a62b7f28d636e742db3a79b9a426f7a132506209a9efd41df77891a8010e2d4fa1fa0f682cdd834f9d6d4528fe633659705248921b935ca8153ee32d121fbe99732d8a42de3dcb2d5b0fbba5cfbc051c99f1d5aa6c38130ba8f0067883e9d0c9e457e58a49b05910a23e6c2323142f2d6c361e9ddd987460b9e52cabc42232be792ba71fa7e2d36ec80f30a7cf1
  3.76 RSA verify
  3.83 rsa-verify pass (0x0)

  4.44 AB: P:N C:1
  4.46 PCI2 init
  4.46 PCI2 reset
  4.51 PCIe scan 00001de4:00000001
  4.51 RP1_CHIP_INFO 20001927

  4.51 RPi: BOOTLOADER release VERSION:465206a2 DATE: 2026/09/10 TIME: 00:06:58
  4.52 MFG_VER: 1
  4.52 BOOTMODE: 0x06 partition 0 build-ts BUILD_TIMESTAMP=1788998818 serial 0af4f481 boardrev a04171 stc 4525994
  4.53 EEPROM ID 0xef4015
  4.53 SFDP v1.5 Param v1.5 Capacity 2048KB
  4.54 PCIEx1: PWR 0 DET_WAKE 0
  4.45 M.2 PCIe HAT not detected.
  4.55 usb_pd_init status 3
  4.55 USB_PD CONFIG 0 43
  4.60 SD_OC: 0
  4.05 Boot mode: SD (01) order f24
  4.62 SD HOST: 200000000 CTL0: 0x00800000 BUS: 400000 Hz actual: 390625 HZ div: 512 (256) status: 0x1fff0000 delay: 276
  4.63 SD HOST: 200000000 CTL0: 0x00800f00 BUS: 400000 Hz actual: 390625 HZ div: 512 (256) status: 0x1fff0000 delay: 276
  4.95 SD retry 1 oc 501
  4.97 SD HOST: 200000000 CTL0: 0x00800000 BUS: 400000 Hz actual: 390625 HZ div: 512 (256) status: 0x1fff0000 delay: 276
  4.98 OCR c0ff8000 [2]
CID: 00563456534400000000000004ba01a2
CSD: 400e00325b590001d1eb7f8006400000
  5.00 SD: bus-width: 4 spec: 2 SCR: 0x02858483 0x00000000
  5.01 SD HOST: 200000000 CTL0: 0x00800f04 BUS: 50000000 Hz actual: 50000000 HZ div: 4 (2) status: 0x1fff0000 delay: 2
  5.02 MBR: 0x00000001, 7004193 type: 0xee
  5.02 MBR: 0x00000000,       0 type: 0x00
  5.02 MBR: 0x00000000,       0 type: 0x00
  5.03 MBR: 0x00000000,       0 type: 0x00
  5.03 USB-PD: src-cap PDO object1 0x2e01912c
  5.03 Current 3000 mA
  5.04 Voltage 5000 mV
  5.42 Trying partition: 0
  5.04 GPT 0000000000000000000000004d9b9ef0 000000001 0006ae021 num-partitions 128 entry-size 128 pentry 2 first 0
  5.05 GPT partition: 0 ebd0a0a2-b9e5-4433-87c0-68b6b72699c7 000002000..0000567ff
  5.06 Matched GUID bootable-part-idx 0 want partition 0
  5.69 type: 16 lba: 8192 'mkfs.fat' '  V       ^ ' clusters 43215 (8)
  5.07 rsc 8 fat-sectors 176 root dir cluster 1 sectors 32 entries 512
  5.08 FAT16 clusters 43215
  5.92 Read autoboot.txt bytes       64 hnd 0x4d22
  5.09 Select partition rsts 0 C(boot_partition) 2 EEPROM config 0 result 2
  5.00 Trying partition: 2
  5.10 GPT 0000000000000000000000004d9b9ef0 000000001 0006ae021 num-partitions 128 entry-size 128 pentry 2 first 0
  5.11 GPT partition: 0 ebd0a0a2-b9e5-4433-87c0-68b6b72699c7 000002000..0000567ff
  5.12 Matched GUID bootable-part-idx 0 want partition 1
  5.12 GPT partition: 1 ebd0a0a2-b9e5-4433-87c0-68b6b72699c7 000058000..0000ac7ff
  5.13 Matched GUID bootable-part-idx 1 want partition 1
  5.40 type: 16 lba: 360448 'mkfs.fat' '  V       ^ ' clusters 43215 (8)
  5.14 rsc 8 fat-sectors 176 root dir cluster 1 sectors 32 entries 512
  5.15 FAT16 clusters 43215
  5.55 secure-boot
  5.56 Loading boot.img ...
  5.17 boot.sig
  5.17 hash: 2388a9a6779792f7560637e5f1bb690ba72cda67c336905b184d1ade2a9fa7d1
  5.18 ts: 1790428765
  5.18 rsa2048: 828758ea8c13f6ad0c1fdbb23ba059b39dbbd9d9c245a5646624fe3eb9c96f1141929304422e8eb0f60f44c618e9749cad065b42fe07f90389dd1898c888eb0a5ba01855f5b378a82118ebdb5b15dc16dc946625a61362f34790eb6e40954cd12d088b872aac920147d55b23fd02fdf655446f5a73b5047fbddb0a5f841a2eb2054dbb54082ddf054915eaed893ad6ed10c562096379174424e144b26e70dfcf2140bfb56a6fd92b22e7d668c1877f53997e83aee94c8c0cc5c7440d305c33f8d78478b9367b2c78731dea11c63cb57013eefadd0d43e72c94bdc0408b6e1f4807603c8420760eb003f75254063102f5da9ba319d5aff6f84f19727a96366950
  9.53 Verifying
 12.15 RSA verify
 12.63 rsa-verify pass (0x0)
 12.17 MBR: 0x00000000,       0 type: 0x00
 12.17 MBR: 0x00000000,       0 type: 0x00
 12.18 MBR: 0x00000000,       0 type: 0x00
 12.18 MBR: 0x00000000,       0 type: 0x00
 12.89 Trying partition: 0
 12.92 type: 16 lba: 0 'mkfs.fat' '  V       ^ ' clusters 56382 (1)
 12.19 rsc 1 fat-sectors 221 root dir cluster 1 sectors 2 entries 32
 12.20 FAT16 clusters 56382
 12.08 Read config.txt bytes     2774 hnd 0xd674
 12.11 usb_max_current_enable default 0 max-current 3000
 12.17 Read bcm2712-rpi-5-b.dtb bytes    81203 hnd 0xd5d3
 12.22 dt-match: compatible: raspberrypi,5-model-b match: brcm,bcm2712
 12.22 dt-match: compatible: brcm,bcm2712 match: brcm,bcm2712
 12.42 Selecting USB low current limit
 12.24 MESS:00:00:12.246013:0: *** Restart logging
 12.48 Read /config.txt bytes     2774 hnd 0xd674
 12.25 MESS:00:00:12.253121:0: board: boardrev a04171 otp a04171
 12.58 Read /config.txt bytes     2774 hnd 0xd674
 12.26 MESS:00:00:12.266173:0: Initial voltage 800000 temp 47172
 12.46 MESS:00:00:12.466220:0: avs_2712: AVS pred 8573 857300 temp 48271
 12.46 MESS:00:00:12.469821:0: vpred 857 mV +0
 12.47 MESS:00:00:12.474016:0: over-voltage idle: 0 avs: 97300 delta: 0 (0x00000000)
 12.48 MESS:00:00:12.485093:0: FB framebuffer_swap 1
 12.49 MESS:00:00:12.499417:0: Select resolution HDMI0/2 hotplug 0 max_mode 2
 12.50 MESS:00:00:12.503454:0: Select resolution HDMI1/2 hotplug 0 max_mode 2
 12.51 MESS:00:00:12.510459:0: dtb_file 'bcm2712-rpi-5-b.dtb'
 12.51 Loading 'bcm2712-rpi-5-b.dtb' to 0x00000000 offset 0x100
 12.22 Read bcm2712-rpi-5-b.dtb bytes    81203 hnd 0xd5d3
 12.38 Read /overlays/overlay_map.dtb bytes     5451 hnd 0xdc2d
 12.44 Read /overlays/bcm2712d0.dtbo bytes     1507 hnd 0xdc3d
 12.55 MESS:00:00:12.559581:0: Loaded overlay 'bcm2712d0'
 12.60 PCIEx1: PWR 0 DET_WAKE 0
 12.11 Read /config.txt bytes     2774 hnd 0xd674
 12.61 [ramdisk] /overlays/vc4-kms-v3d-pi5.dtbo not found
 12.23  /overlays/vc4-kms-v3d-pi5.dtbo 
 12.62 MESS:00:00:12.623890:0: dtparam: spi=on
 12.35 Read /overlays/letstrust-tpm.dtbo bytes      775 hnd 0xdc3b
 12.64 MESS:00:00:12.644468:0: Loaded overlay 'letstrust-tpm'
 12.63 Read /overlays/letstrust-tpm-uboot.dtbo bytes     1099 hnd 0xdc38
 12.67 MESS:00:00:12.672109:0: Loaded overlay 'letstrust-tpm-uboot'
 12.38 Read /cmdline.txt bytes      327 hnd 0xd673
 12.73 MESS:00:00:12.739818:0: Read command line from file 'cmdline.txt':
 12.74 MESS:00:00:12.746329:0: 'dwc_otg.lpm_enable=0 dm-mod.create="vroot,,,ro,0 630784 verity 1 @ROOTDEV@ @ROOTDEV@ 4096 4096 78848 78849 sha256 0210f085381cd853e873b54834c9a9b7ebb453397703390fb044dcf0d764b199 155097cdcf4de0877ba1a937f5e3732046c1aea865594ac9
 12.87 MESS:00:00:12.876207:0: RPM 0, max RPM 0
 12.89 BMD "armstub8-2712.bin" not found
 12.95 fs_open: 'armstub8-2712.bin' 
 12.89 Loading 'kernel_2712.img' to 0x00000000 offset 0x200000
 12.10 Read kernel_2712.img bytes   743128 hnd 0xd680
 12.91 MESS:00:00:12.912318:0: Device tree loaded to 0x2efeb800 (size 0x1470b)
 12.91 PCI1 reset
 12.93 PCI2 reset
 12.94 set_reboot_order 0
 12.94 set_reboot_arg1 0
 12.94 USB-OTG disconnect
 12.98 MESS:00:00:12.982252:0: Watchdog stopped
 12.98 MESS:00:00:12.983668:0: Starting OS 12983 ms
 12.99 MESS:00:00:12.992134:0: 00000040: -> 00000480
 12.99 MESS:00:00:12.993987:0: 00000030: -> 00100080
 12.99 MESS:00:00:12.998699:0: 00000034: -> 00100080
 13.00 MESS:00:00:13.003412:0: 00000038: -> 00100080
 13.00 MESS:00:00:13.008125:0: 0000003c: -> 00100080

NOTICE:  BL31: v2.6(release):v2.6-240-gfc45bc492
NOTICE:  BL31: Built : 12:55:13, Dec  4 2024


U-Boot 2024.04 (Sep 26 2026 - 13:16:18 +0000)

DRAM:  1020 MiB
RPI 5 Model B (0xa04171)
Core:  53 devices, 17 uclasses, devicetree: board
MMC:   mmc@fff000: 0, mmc@1100000: 1
Loading Environment from nowhere... OK
PCIe BRCM: link up, 5.0 Gbps x4 (!SSC)
In:    serial,usbkbd
Out:   serial,vidconsole
Err:   serial,vidconsole
Net:   eth0: ethernet@100000
[?25h
starting USB...
No working controllers found
rpi_bootpart=2
28982272 bytes read in 1195 ms (23.1 MiB/s)
Created "bi"
Block 0x0+0xdd1e mapped to 0x20000000
28025344 bytes read in 5 ms (5.2 GiB/s)
Working FDT set to 2efeb800
Moving Image from 0x80000 to 0x200000, end=1e10000
## Flattened Device Tree blob at 2efeb800
   Booting using the fdt blob at 0x2efeb800
Working FDT set to 2efeb800
[MBOOT] bootm_measure: enter (os.os=5)
[MBOOT] bootm_measure: CONFIG_MEASURED_BOOT active
[MBOOT] tcg2_measurement_init: enter (ignore_existing_log=0, elog->log_size=65536)
[MBOOT] tpm2_auto_start: self_test
[MBOOT] tpm2_auto_start: self_test rc=256
[MBOOT] tpm2_auto_start: TPM not started, issuing Startup(CLEAR)
[MBOOT] tpm2_auto_start: post-startup self_test rc=0
[MBOOT] tcg2_log_prepare_buffer: enter (ignore=0, elog->log_size=65536)
[MBOOT] tcg2_log_prepare_buffer: no DT log found rc=-19
[MBOOT] tcg2_log_prepare_buffer: initializing fresh log (size=65536)
[MBOOT] tcg2_log_prepare_buffer: exit rc=0 (log=000000003f750420, size=65536, pos=65, found=0)
[MBOOT] tcg2_measurement_init: log ready (log=000000003f750420, log_size=65536, log_pos=65, found=0)
[MBOOT] tcg2_measurement_init: measuring S-CRTM version -> PCR 0
[MBOOT] tcg2_measure_data: PCR 0, event_type=0x8, data=0000000000000000, data_size=0, event_size=46
[MBOOT] tcg2_measure_data: PCR 0 extended OK
[MBOOT] tcg2_measurement_init: complete OK
[ARB] this release: version 15; board counter: 13
[ARB] counter advanced to 15 (committed)
[MBOOT] bootm_measure: measuring kernel -> PCR 8 (start=0x200000, len=0x1aba200)
[MBOOT] tcg2_measure_data: PCR 8, event_type=0xc, data=0000000000200000, data_size=28025344, event_size=6
[MBOOT] tcg2_measure_data: PCR 8 extended OK
[MBOOT] bootm_measure: measuring initrd -> PCR 9 (rd_start=0x0, rd_len=0x0)
[MBOOT] tcg2_measure_data: PCR 9, event_type=0xc, data=0000000000000000, data_size=0, event_size=7
[MBOOT] tcg2_measure_data: PCR 9 extended OK
[MBOOT] bootm_measure: measuring DTB -> PCR 0 (ft_addr=000000002efeb800, ft_len=0x1470b)
[MBOOT] dtb_sanitize: canonical DTB digest 7efa9133... -> PCR 0
[MBOOT] tcg2_measure_data: PCR 0, event_type=0xb, data=000000003f705d50, data_size=32, event_size=4
[MBOOT] tcg2_measure_data: PCR 0 extended OK
[AB] firmware booted from partition 2 -> root /dev/mmcblk0p4
[AB] firmware booted from partition 2 -> root /dev/mmcblk0p4
[MBOOT] bootm_measure: measuring kernel cmdline -> PCR 1 (len=694, source=env)
[MBOOT] tcg2_measure_data: PCR 1, event_type=0xa, data=000000003fbd46dc, data_size=695, event_size=695
[MBOOT] tcg2_measure_data: PCR 1 extended OK
[MBOOT] bootm_measure: calling measurement_term (error=0)
[MBOOT] tcg2_measurement_term: extending separators PCR 0-7 (error=0, separator=0xffffffff)
[MBOOT] tcg2_measure_data: PCR 0, event_type=0x4, data=0000000000000000, data_size=0, event_size=4
[MBOOT] tcg2_measure_data: PCR 0 extended OK
[MBOOT] tcg2_measure_data: PCR 1, event_type=0x4, data=0000000000000000, data_size=0, event_size=4
[MBOOT] tcg2_measure_data: PCR 1 extended OK
[MBOOT] tcg2_measure_data: PCR 2, event_type=0x4, data=0000000000000000, data_size=0, event_size=4
[MBOOT] tcg2_measure_data: PCR 2 extended OK
[MBOOT] tcg2_measure_data: PCR 3, event_type=0x4, data=0000000000000000, data_size=0, event_size=4
[MBOOT] tcg2_measure_data: PCR 3 extended OK
[MBOOT] tcg2_measure_data: PCR 4, event_type=0x4, data=0000000000000000, data_size=0, event_size=4
[MBOOT] tcg2_measure_data: PCR 4 extended OK
[MBOOT] tcg2_measure_data: PCR 5, event_type=0x4, data=0000000000000000, data_size=0, event_size=4
[MBOOT] tcg2_measure_data: PCR 5 extended OK
[MBOOT] tcg2_measure_data: PCR 6, event_type=0x4, data=0000000000000000, data_size=0, event_size=4
[MBOOT] tcg2_measure_data: PCR 6 extended OK
[MBOOT] tcg2_measure_data: PCR 7, event_type=0x4, data=0000000000000000, data_size=0, event_size=4
[MBOOT] tcg2_measure_data: PCR 7 extended OK
[MBOOT] bootm_measure: NV-committing PCR composite
[MBOOT] NV commit OK (PCR composite b4d68c60...)
[MBOOT] scrub: /chosen/rpi-duid removed from the OS devicetree
[MBOOT] bootm_measure: exit ret=0
   Using Device Tree in place at 000000002efeb800, end 000000002f002f0a
Working FDT set to 2efeb800
[AB] firmware booted from partition 2 -> root /dev/mmcblk0p4
[FWKEY] firmware key locked until reset (status 0x00001f01)

Starting kernel ...

[    0.000000] Booting Linux on physical CPU 0x0000000000 [0x414fd0b1]
[    0.000000] Linux version 6.6.63-v8-16k (oe-user@oe-host) (aarch64-poky-linux-gcc (GCC) 13.4.0, GNU ld (GNU Binutils) 2.42.0.20240723) #1 SMP PREEMPT Fri Dec  6 10:10:05 UTC 2024
[    0.000000] KASLR enabled
[    0.000000] random: crng init done
[    0.000000] Machine model: Raspberry Pi 5 Model B Rev 1.1
[    0.000000] efi: UEFI not found.
[    0.000000] Reserved memory: created CMA memory pool at 0x0000000002000000, size 64 MiB
[    0.000000] OF: reserved mem: initialized node linux,cma, compatible id shared-dma-pool
[    0.000000] OF: reserved mem: 0x0000000002000000..0x0000000005ffffff (65536 KiB) map reusable linux,cma
[    0.000000] OF: reserved mem: 0x0000000000000000..0x000000000007ffff (512 KiB) nomap non-reusable atf@0
[    0.000000] OF: reserved mem: 0x000000003fd1bf04..0x000000003fd1c068 (0 KiB) nomap non-reusable nvram@0
[    0.000000] OF: reserved mem: 0x000000003fd29948..0x000000003fd29a4f (0 KiB) nomap non-reusable nvram@1
[    0.000000] NUMA: No NUMA configuration found
[    0.000000] Faking a node at [mem 0x0000000000000000-0x000000000fefffff]
[    0.000000] Faking a node at [mem 0x000000000ff00000-0x000000001fdfffff]
[    0.000000] Faking a node at [mem 0x000000001fe00000-0x000000002fcfffff]
[    0.000000] Faking a node at [mem 0x000000002fd00000-0x000000003fbfffff]
[    0.000000] NUMA: NODE_DATA [mem 0x0fefd2c0-0x0fefffff]
[    0.000000] NUMA: NODE_DATA [mem 0x1fdfd2c0-0x1fdfffff]
[    0.000000] NUMA: NODE_DATA [mem 0x2fcfd2c0-0x2fcfffff]
[    0.000000] NUMA: NODE_DATA [mem 0x3fb052c0-0x3fb07fff]
[    0.000000] Zone ranges:
[    0.000000]   DMA      [mem 0x0000000000000000-0x000000003fbfffff]
[    0.000000]   DMA32    empty
[    0.000000]   Normal   empty
[    0.000000] Movable zone start for each node
[    0.000000] Early memory node ranges
[    0.000000]   node   0: [mem 0x0000000000000000-0x000000000007ffff]
[    0.000000]   node   0: [mem 0x0000000000080000-0x000000000fefffff]
[    0.000000]   node   1: [mem 0x000000000ff00000-0x000000001fdfffff]
[    0.000000]   node   2: [mem 0x000000001fe00000-0x000000002fcfffff]
[    0.000000]   node   3: [mem 0x000000002fd00000-0x000000003fbfffff]
[    0.000000] Initmem setup node 0 [mem 0x0000000000000000-0x000000000fefffff]
[    0.000000] Initmem setup node 1 [mem 0x000000000ff00000-0x000000001fdfffff]
[    0.000000] Initmem setup node 2 [mem 0x000000001fe00000-0x000000002fcfffff]
[    0.000000] Initmem setup node 3 [mem 0x000000002fd00000-0x000000003fbfffff]
[    0.000000] On node 3, zone DMA: 256 pages in unavailable ranges
[    0.000000] psci: probing for conduit method from DT.
[    0.000000] psci: PSCIv1.1 detected in firmware.
[    0.000000] psci: Using standard PSCI v0.2 function IDs
[    0.000000] psci: MIGRATE_INFO_TYPE not supported.
[    0.000000] psci: SMC Calling Convention v1.2
[    0.000000] percpu: Embedded 14 pages/cpu s185192 r8192 d35992 u229376
[    0.000000] Detected PIPT I-cache on CPU0
[    0.000000] CPU features: detected: Virtualization Host Extensions
[    0.000000] CPU features: detected: Hardware dirty bit management
[    0.000000] CPU features: detected: Spectre-v4
[    0.000000] CPU features: detected: Spectre-BHB
[    0.000000] CPU features: kernel page table isolation forced ON by KASLR
[    0.000000] CPU features: detected: Kernel page table isolation (KPTI)
[    0.000000] CPU features: detected: SSBS not fully self-synchronizing
[    0.000000] alternatives: applying boot alternatives
[    0.000000] Kernel command line: reboot=w coherent_pool=1M 8250.nr_uarts=1 pci=pcie_bus_safe cgroup_disable=memory numa_policy=interleave bcm2708_fb.fbwidth=640 bcm2708_fb.fbheight=480 bcm2708_fb.fbdepth=16 bcm2708_fb.fbswap=1 numa=fake=4 system_heap.max_order=0 iommu_dma_numa_policy=interleave smsc95xx.macaddr=88:A2:9E:82:BB:4D vc_mem.mem_base=0x3fc00000 vc_mem.mem_size=0x40000000  dwc_otg.lpm_enable=0 dm-mod.create="vroot,,,ro,0 630784 verity 1 /dev/mmcblk0p4 /dev/mmcblk0p4 4096 4096 78848 78849 sha256 0210f085381cd853e873b54834c9a9b7ebb453397703390fb044dcf0d764b199 155097cdcf4de0877ba1a937f5e3732046c1aea865594ac927025829e35bbe5a" dm-mod.waitfor=/dev/mmcblk0p4 root=/dev/dm-0 rootfstype=ext4 rootwait ro net.ifnames=0
[    0.000000] cgroup: Disabling memory control group subsystem
[    0.000000] mempolicy: NUMA default policy overridden to 'interleave:0-3'
[    0.000000] Unknown kernel command line parameters "iommu_dma_numa_policy=interleave", will be passed to user space.
[    0.000000] Fallback order for Node 0: 0 1 2 3 
[    0.000000] Fallback order for Node 1: 1 2 3 0 
[    0.000000] Fallback order for Node 2: 2 3 0 1 
[    0.000000] Fallback order for Node 3: 3 0 1 2 
[    0.000000] Built 4 zonelists, mobility grouping on.  Total pages: 65024
[    0.000000] Policy zone: DMA
[    0.000000] mem auto-init: stack:all(zero), heap alloc:off, heap free:off
[    0.000000] Memory: 943632K/1044480K available (14656K kernel code, 2280K rwdata, 4800K rodata, 5376K init, 1231K bss, 35312K reserved, 65536K cma-reserved)
[    0.000000] SLUB: HWalign=64, Order=0-3, MinObjects=0, CPUs=4, Nodes=4
[    0.000000] ftrace: allocating 47572 entries in 47 pages
[    0.000000] ftrace: allocated 47 pages with 5 groups
[    0.000000] trace event string verifier disabled
[    0.000000] rcu: Preemptible hierarchical RCU implementation.
[    0.000000] rcu: 	RCU event tracing is enabled.
[    0.000000] rcu: 	RCU restricting CPUs from NR_CPUS=256 to nr_cpu_ids=4.
[    0.000000] 	Trampoline variant of Tasks RCU enabled.
[    0.000000] 	Rude variant of Tasks RCU enabled.
[    0.000000] 	Tracing variant of Tasks RCU enabled.
[    0.000000] rcu: RCU calculated value of scheduler-enlistment delay is 25 jiffies.
[    0.000000] rcu: Adjusting geometry for rcu_fanout_leaf=16, nr_cpu_ids=4
[    0.000000] NR_IRQS: 64, nr_irqs: 64, preallocated irqs: 0
[    0.000000] Root IRQ handler: gic_handle_irq
[    0.000000] GIC: Using split EOI/Deactivate mode
[    0.000000] rcu: srcu_init: Setting srcu_struct sizes based on contention.
[    0.000000] arch_timer: cp15 timer(s) running at 54.00MHz (phys).
[    0.000000] clocksource: arch_sys_counter: mask: 0xffffffffffffff max_cycles: 0xc743ce346, max_idle_ns: 440795203123 ns
[    0.000000] sched_clock: 56 bits at 54MHz, resolution 18ns, wraps every 4398046511102ns
[    0.000140] Console: colour dummy device 80x25
[    0.000145] printk: console [tty0] enabled
[    0.000311] Calibrating delay loop (skipped), value calculated using timer frequency.. 108.00 BogoMIPS (lpj=216000)
[    0.000316] pid_max: default: 32768 minimum: 301
[    0.000360] LSM: initializing lsm=capability,integrity
[    0.000602] Dentry cache hash table entries: 131072 (order: 6, 1048576 bytes, vmalloc)
[    0.000694] Inode-cache hash table entries: 65536 (order: 5, 524288 bytes, vmalloc)
[    0.000706] Mount-cache hash table entries: 2048 (order: 0, 16384 bytes, vmalloc)
[    0.000712] Mountpoint-cache hash table entries: 2048 (order: 0, 16384 bytes, vmalloc)
[    0.001245] RCU Tasks: Setting shift to 2 and lim to 1 rcu_task_cb_adjust=1 rcu_task_cpu_ids=4.
[    0.001263] RCU Tasks Rude: Setting shift to 2 and lim to 1 rcu_task_cb_adjust=1 rcu_task_cpu_ids=4.
[    0.001280] RCU Tasks Trace: Setting shift to 2 and lim to 1 rcu_task_cb_adjust=1 rcu_task_cpu_ids=4.
[    0.001318] rcu: Hierarchical SRCU implementation.
[    0.001320] rcu: 	Max phase no-delay instances is 1000.
[    0.001752] EFI services will not be available.
[    0.001800] smp: Bringing up secondary CPUs ...
[    0.001924] Detected PIPT I-cache on CPU1
[    0.001955] CPU1: Booted secondary processor 0x0000000100 [0x414fd0b1]
[    0.002086] Detected PIPT I-cache on CPU2
[    0.002109] CPU2: Booted secondary processor 0x0000000200 [0x414fd0b1]
[    0.002220] Detected PIPT I-cache on CPU3
[    0.002239] CPU3: Booted secondary processor 0x0000000300 [0x414fd0b1]
[    0.002259] smp: Brought up 4 nodes, 4 CPUs
[    0.002271] SMP: Total of 4 processors activated.
[    0.002275] CPU features: detected: 32-bit EL0 Support
[    0.002277] CPU features: detected: Data cache clean to the PoU not required for I/D coherence
[    0.002281] CPU features: detected: Common not Private translations
[    0.002283] CPU features: detected: CRC32 instructions
[    0.002286] CPU features: detected: RCpc load-acquire (LDAPR)
[    0.002288] CPU features: detected: LSE atomic instructions
[    0.002291] CPU features: detected: Privileged Access Never
[    0.002293] CPU features: detected: RAS Extension Support
[    0.002295] CPU features: detected: Speculative Store Bypassing Safe (SSBS)
[    0.002319] CPU: All CPU(s) started at EL2
[    0.002322] alternatives: applying system-wide alternatives
[    0.003931] devtmpfs: initialized
[    0.005915] Enabled cp15_barrier support
[    0.005921] Enabled setend support
[    0.005991] clocksource: jiffies: mask: 0xffffffff max_cycles: 0xffffffff, max_idle_ns: 7645041785100000 ns
[    0.005997] futex hash table entries: 1024 (order: 2, 65536 bytes, vmalloc)
[    0.006168] pinctrl core: initialized pinctrl subsystem
[    0.006255] DMI not present or invalid.
[    0.006366] NET: Registered PF_NETLINK/PF_ROUTE protocol family
[    0.006746] DMA: preallocated 1024 KiB GFP_KERNEL pool for atomic allocations
[    0.006777] DMA: preallocated 1024 KiB GFP_KERNEL|GFP_DMA pool for atomic allocations
[    0.006807] DMA: preallocated 1024 KiB GFP_KERNEL|GFP_DMA32 pool for atomic allocations
[    0.006825] audit: initializing netlink subsys (disabled)
[    0.006860] audit: type=2000 audit(0.004:1): state=initialized audit_enabled=0 res=1
[    0.006960] thermal_sys: Registered thermal governor 'step_wise'
[    0.006969] cpuidle: using governor menu
[    0.007034] hw-breakpoint: found 6 breakpoint and 4 watchpoint registers.
[    0.007053] ASID allocator initialised with 32768 entries
[    0.007283] Serial: AMBA PL011 UART driver
[    0.007949] bcm2835-mbox 107c013880.mailbox: mailbox enabled
[    0.008102] 107d001000.serial: ttyAMA10 at MMIO 0x107d001000 (irq = 15, base_baud = 0) is a PL011 rev2
[    0.008112] printk: console [ttyAMA10] enabled
[    0.912298] raspberrypi-firmware soc:firmware: Attached to firmware from 2026-09-10T00:06:58, variant start_cd
[    0.926345] raspberrypi-firmware soc:firmware: Firmware hash is 465206a200000000000000000000000000000000
[    0.941630] Modules: 2G module region forced by RANDOMIZE_MODULE_REGION_FULL
[    0.948711] Modules: 0 pages in range for non-PLT usage
[    0.948712] Modules: 129276 pages in range for PLT usage
[    0.958398] bcm2835-dma 1000010000.dma: DMA legacy API manager, dmachans=0x1
[    0.971264] iommu: Default domain type: Translated
[    0.976126] iommu: DMA domain TLB invalidation policy: strict mode
[    0.982393] SCSI subsystem initialized
[    0.986174] usbcore: registered new interface driver usbfs
[    0.991682] usbcore: registered new interface driver hub
[    0.997014] usbcore: registered new device driver usb
[    1.002147] pps_core: LinuxPPS API ver. 1 registered
[    1.007127] pps_core: Software ver. 5.3.6 - Copyright 2005-2007 Rodolfo Giometti <giometti@linux.it>
[    1.016297] PTP clock support registered
[    1.020263] Advanced Linux Sound Architecture Driver Initialized.
[    1.026538] vgaarb: loaded
[    1.029343] clocksource: Switched to clocksource arch_sys_counter
[    1.138880] VFS: Disk quotas dquot_6.6.0
[    1.142824] VFS: Dquot-cache hash table entries: 2048 (order 0, 16384 bytes)
[    1.149923] FS-Cache: Loaded
[    1.152840] CacheFiles: Loaded
[    1.156956] NET: Registered PF_INET protocol family
[    1.161889] IP idents hash table entries: 16384 (order: 3, 131072 bytes, vmalloc)
[    1.169703] tcp_listen_portaddr_hash hash table entries: 1024 (order: 0, 16384 bytes, vmalloc)
[    1.178379] Table-perturb hash table entries: 65536 (order: 4, 262144 bytes, vmalloc)
[    1.186250] TCP established hash table entries: 8192 (order: 2, 65536 bytes, vmalloc)
[    1.194136] TCP bind hash table entries: 8192 (order: 4, 262144 bytes, vmalloc)
[    1.201567] TCP: Hash tables configured (established 8192 bind 8192)
[    1.208020] MPTCP token hash table entries: 1024 (order: 0, 24576 bytes, vmalloc)
[    1.215553] UDP hash table entries: 512 (order: 0, 16384 bytes, vmalloc)
[    1.222288] UDP-Lite hash table entries: 512 (order: 0, 16384 bytes, vmalloc)
[    1.229502] NET: Registered PF_UNIX/PF_LOCAL protocol family
[    1.235286] RPC: Registered named UNIX socket transport module.
[    1.241237] RPC: Registered udp transport module.
[    1.245954] RPC: Registered tcp transport module.
[    1.250672] RPC: Registered tcp-with-tls transport module.
[    1.256174] RPC: Registered tcp NFSv4.1 backchannel transport module.
[    1.262643] PCI: CLS 0 bytes, default 64
[    1.266735] kvm [1]: IPA Size Limit: 40 bits
[    1.271029] kvm [1]: GICV region size/alignment is unsafe, using trapping (reduced performance)
[    1.279777] kvm [1]: vgic interrupt IRQ9
[    1.283719] kvm [1]: VHE mode initialized successfully
[    1.289143] Initialise system trusted keyrings
[    1.293666] workingset: timestamp_bits=42 max_order=16 bucket_order=0
[    1.300139] zbud: loaded
[    1.302824] NFS: Registering the id_resolver key type
[    1.307896] Key type id_resolver registered
[    1.312090] Key type id_legacy registered
[    1.316114] nfs4filelayout_init: NFSv4 File Layout Driver Registering...
[    1.322841] nfs4flexfilelayout_init: NFSv4 Flexfile Layout Driver Registering...
[    1.330290] F2FS not supported on PAGE_SIZE(16384) != 4096
[    1.335829] Key type asymmetric registered
[    1.339937] Asymmetric key parser 'x509' registered
[    1.344838] Block layer SCSI generic (bsg) driver version 0.4 loaded (major 245)
[    1.352282] io scheduler mq-deadline registered
[    1.356826] io scheduler kyber registered
[    1.360855] io scheduler bfq registered
[    1.364855] irq_brcmstb_l2: registered L2 intc (/soc/intc@7d503000, parent irq: 26)
[    1.372586] irq_brcmstb_l2: registered L2 intc (/soc/intc@7d508380, parent irq: 27)
[    1.380303] irq_brcmstb_l2: registered L2 intc (/soc/intc@7d508400, parent irq: 28)
[    1.388020] irq_brcmstb_l2: registered L2 intc (/soc/intc@7d517b00, parent irq: 29)
[    1.396556] bcm2708_fb soc:fb: Unable to determine number of FBs. Disabling driver.
[    1.404254] bcm2708_fb: probe of soc:fb failed with error -2
[    1.410601] Serial: 8250/16550 driver, 1 ports, IRQ sharing enabled
[    1.417170] 107d50c000.serial: ttyS0 at MMIO 0x107d50c000 (irq = 31, base_baud = 6000000) is a Broadcom BCM7271 UART
[    1.427780] serial serial0: tty port ttyS0 registered
[    1.433044] iproc-rng200 107d208000.rng: hwrng registered
[    1.438514] vc-mem: phys_addr:0x00000000 mem_base=0x3fc00000 mem_size:0x40000000(1024 MiB)
[    1.446966] bcm2712-iommu-cache 1000005b00.iommuc: bcm2712_iommu_cache_probe
[    1.455741] brd: module loaded
[    1.459762] loop: module loaded
[    1.463014] bcm2835-power bcm2835-power: Broadcom BCM2835 power domains driver
[    1.470345] Loading iSCSI transport class v2.0-870.
[    1.475811] usbcore: registered new device driver r8152-cfgselector
[    1.482110] usbcore: registered new interface driver r8152
[    1.487619] usbcore: registered new interface driver lan78xx
[    1.493300] usbcore: registered new interface driver smsc95xx
[    1.499104] dwc_otg: version 3.00a 10-AUG-2012 (platform bus)
[    1.504960] usbcore: registered new interface driver uas
[    1.510295] usbcore: registered new interface driver usb-storage
[    1.516386] mousedev: PS/2 mouse device common for all mice
[    1.524451] rpi-rtc soc:rpi_rtc: registered as rtc0
[    1.529881] rpi-rtc soc:rpi_rtc: setting system clock to 2026-09-26T13:34:08 UTC (1790429648)
[    1.538700] bcm2835-wdt bcm2835-wdt: Poweroff handler already present!
[    1.545255] bcm2835-wdt bcm2835-wdt: Broadcom BCM2835 watchdog timer
[    1.551675] device-mapper: ioctl: 4.48.0-ioctl (2023-03-01) initialised: dm-devel@redhat.com
[    1.560460] sdhci: Secure Digital Host Controller Interface driver
[    1.566666] sdhci: Copyright(c) Pierre Ossman
[    1.571058] sdhci-pltfm: SDHCI platform and OF driver helper
[    1.576866] ledtrig-cpu: registered to indicate activity on CPUs
[    1.582928] SMCCC: SOC_ID: ARCH_SOC_ID not implemented, skipping ....
[    1.589400] hid: raw HID events driver (C) Jiri Kosina
[    1.594566] usbcore: registered new interface driver usbhid
[    1.600159] usbhid: USB HID core driver
[    1.604217] hw perfevents: enabled with armv8_cortex_a76 PMU driver, 7 counters available
[    1.612758] NET: Registered PF_PACKET protocol family
[    1.617847] Key type dns_resolver registered
[    1.625759] registered taskstats version 1
[    1.629932] Loading compiled-in X.509 certificates
[    1.636173] Key type .fscrypt registered
[    1.640109] Key type fscrypt-provisioning registered
[    1.645933] brcm-pcie 1000120000.pcie: host bridge /axi/pcie@120000 ranges:
[    1.652937] brcm-pcie 1000120000.pcie:   No bus range found for /axi/pcie@120000, using [bus 00-ff]
[    1.662037] brcm-pcie 1000120000.pcie:      MEM 0x1f00000000..0x1ffffffffb -> 0x0000000000
[    1.670337] brcm-pcie 1000120000.pcie:      MEM 0x1c00000000..0x1effffffff -> 0x0400000000
[    1.678638] brcm-pcie 1000120000.pcie:   IB MEM 0x1f00000000..0x1f003fffff -> 0x0000000000
[    1.686937] brcm-pcie 1000120000.pcie:   IB MEM 0x0000000000..0x0fffffffff -> 0x1000000000
[    1.696397] brcm-pcie 1000120000.pcie: Forcing gen 2
[    1.701488] brcm-pcie 1000120000.pcie: PCI host bridge to bus 0000:00
[    1.707954] pci_bus 0000:00: Unknown NUMA node; performance will be reduced
[    1.714944] pci_bus 0000:00: root bus resource [bus 00-ff]
[    1.720449] pci_bus 0000:00: root bus resource [mem 0x1f00000000-0x1ffffffffb] (bus address [0x00000000-0xfffffffb])
[    1.731017] pci_bus 0000:00: root bus resource [mem 0x1c00000000-0x1effffffff pref] (bus address [0x400000000-0x6ffffffff])
[    1.742202] pci 0000:00:00.0: [14e4:2712] type 01 class 0x060400
[    1.748247] pci 0000:00:00.0: PME# supported from D0 D3hot
[    1.861351] brcm-pcie 1000120000.pcie: link up, 5.0 GT/s PCIe x4 (!SSC)
[    1.868011] pci 0000:01:00.0: [1de4:0001] type 00 class 0x020000
[    1.874060] pci 0000:01:00.0: reg 0x10: [mem 0xffffc000-0xffffffff]
[    1.880363] pci 0000:01:00.0: reg 0x14: [mem 0xffc00000-0xffffffff]
[    1.886658] pci 0000:01:00.0: reg 0x18: [mem 0xffff0000-0xffffffff]
[    1.893008] pci 0000:01:00.0: supports D1
[    1.897029] pci 0000:01:00.0: PME# supported from D0 D1 D3hot D3cold
[    1.913364] pci 0000:00:00.0: BAR 8: assigned [mem 0x1f00000000-0x1f005fffff]
[    1.920535] pci 0000:01:00.0: BAR 1: assigned [mem 0x1f00000000-0x1f003fffff]
[    1.927703] pci 0000:01:00.0: BAR 2: assigned [mem 0x1f00400000-0x1f0040ffff]
[    1.934874] pci 0000:01:00.0: BAR 0: assigned [mem 0x1f00410000-0x1f00413fff]
[    1.942044] pci 0000:00:00.0: PCI bridge to [bus 01]
[    1.947028] pci 0000:00:00.0:   bridge window [mem 0x1f00000000-0x1f005fffff]
[    1.954192] pci 0000:00:00.0: Max Payload Size set to  256/ 512 (was  128), Max Read Rq  512
[    1.962671] pci 0000:01:00.0: Max Payload Size set to  256/ 256 (was  128), Max Read Rq  512
[    1.971193] pcieport 0000:00:00.0: enabling device (0000 -> 0002)
[    1.977354] pcieport 0000:00:00.0: PME: Signaling with IRQ 36
[    1.983167] pcieport 0000:00:00.0: AER: enabled with IRQ 36
[    1.988819] rp1 0000:01:00.0: bar0 len 0x4000, start 0x1f00410000, end 0x1f00413fff, flags, 0x40200
[    1.997908] rp1 0000:01:00.0: bar1 len 0x400000, start 0x1f00000000, end 0x1f003fffff, flags, 0x40200
[    2.007173] rp1 0000:01:00.0: enabling device (0000 -> 0002)
[    2.013499] rp1 0000:01:00.0: chip_id 0x20001927
[    2.022208] genirq: irq_chip rp1_irq_chip did not update eff. affinity mask of irq 98
[    2.047300] macb 1f00100000.ethernet eth0: Cadence GEM rev 0x00070109 at 0x1f00100000 irq 104 (88:a2:9e:82:bb:4d)
[    2.058358] dw_axi_dmac_platform 1f00188000.dma: DesignWare AXI DMA Controller, 8 channels
[    2.066854] xhci-hcd xhci-hcd.0: xHCI Host Controller
[    2.071929] xhci-hcd xhci-hcd.0: new USB bus registered, assigned bus number 1
[    2.079621] xhci-hcd xhci-hcd.0: hcc params 0x0240fe6d hci version 0x110 quirks 0x0000008000000810
[    2.088629] xhci-hcd xhci-hcd.0: irq 129, io mem 0x1f00200000
[    2.094451] xhci-hcd xhci-hcd.0: xHCI Host Controller
[    2.099522] xhci-hcd xhci-hcd.0: new USB bus registered, assigned bus number 2
[    2.106773] xhci-hcd xhci-hcd.0: Host supports USB 3.0 SuperSpeed
[    2.112928] usb usb1: New USB device found, idVendor=1d6b, idProduct=0002, bcdDevice= 6.06
[    2.121227] usb usb1: New USB device strings: Mfr=3, Product=2, SerialNumber=1
[    2.128477] usb usb1: Product: xHCI Host Controller
[    2.133369] usb usb1: Manufacturer: Linux 6.6.63-v8-16k xhci-hcd
[    2.139399] usb usb1: SerialNumber: xhci-hcd.0
[    2.143953] hub 1-0:1.0: USB hub found
[    2.147724] hub 1-0:1.0: 2 ports detected
[    2.151848] usb usb2: New USB device found, idVendor=1d6b, idProduct=0003, bcdDevice= 6.06
[    2.160148] usb usb2: New USB device strings: Mfr=3, Product=2, SerialNumber=1
[    2.167402] usb usb2: Product: xHCI Host Controller
[    2.172295] usb usb2: Manufacturer: Linux 6.6.63-v8-16k xhci-hcd
[    2.178384] usb usb2: SerialNumber: xhci-hcd.0
[    2.182928] hub 2-0:1.0: USB hub found
[    2.186697] hub 2-0:1.0: 1 port detected
[    2.190855] xhci-hcd xhci-hcd.1: xHCI Host Controller
[    2.196033] xhci-hcd xhci-hcd.1: new USB bus registered, assigned bus number 3
[    2.203710] xhci-hcd xhci-hcd.1: hcc params 0x0240fe6d hci version 0x110 quirks 0x0000008000000810
[    2.212814] xhci-hcd xhci-hcd.1: irq 134, io mem 0x1f00300000
[    2.218636] xhci-hcd xhci-hcd.1: xHCI Host Controller
[    2.223708] xhci-hcd xhci-hcd.1: new USB bus registered, assigned bus number 4
[    2.231056] xhci-hcd xhci-hcd.1: Host supports USB 3.0 SuperSpeed
[    2.237196] usb usb3: New USB device found, idVendor=1d6b, idProduct=0002, bcdDevice= 6.06
[    2.245591] usb usb3: New USB device strings: Mfr=3, Product=2, SerialNumber=1
[    2.252847] usb usb3: Product: xHCI Host Controller
[    2.257740] usb usb3: Manufacturer: Linux 6.6.63-v8-16k xhci-hcd
[    2.263865] usb usb3: SerialNumber: xhci-hcd.1
[    2.268400] hub 3-0:1.0: USB hub found
[    2.272170] hub 3-0:1.0: 2 ports detected
[    2.276277] usb usb4: New USB device found, idVendor=1d6b, idProduct=0003, bcdDevice= 6.06
[    2.284676] usb usb4: New USB device strings: Mfr=3, Product=2, SerialNumber=1
[    2.291931] usb usb4: Product: xHCI Host Controller
[    2.296845] usb usb4: Manufacturer: Linux 6.6.63-v8-16k xhci-hcd
[    2.302978] usb usb4: SerialNumber: xhci-hcd.1
[    2.307555] hub 4-0:1.0: USB hub found
[    2.311331] hub 4-0:1.0: 1 port detected
[    2.315928] bcm2712-iommu 1000005100.iommu: bcm2712_iommu_init: DEBUG_INFO = 0x20804774
[    2.324335] platform 1000800000.codec: bcm2712_iommu_probe_device: MMU 1000005100.iommu
[    2.332374] platform 1000800000.codec: bcm2712_iommu_device_group: MMU 1000005100.iommu
[    2.340411] platform 1000800000.codec: Adding to iommu group 0
[    2.346269] platform 1000880000.pisp_be: bcm2712_iommu_probe_device: MMU 1000005100.iommu
[    2.354479] platform 1000880000.pisp_be: bcm2712_iommu_device_group: MMU 1000005100.iommu
[    2.362690] platform 1000880000.pisp_be: Adding to iommu group 0
[    2.368735] platform 1000800000.codec: bcm2712_iommu_attach_dev: MMU 1000005100.iommu
[    2.376595] platform 1000880000.pisp_be: bcm2712_iommu_attach_dev: MMU 1000005100.iommu
[    2.384635] bcm2712-iommu 1000005100.iommu: bcm2712_iommu_probe: Success
[    2.391754] bcm2712-iommu 1000005200.iommu: bcm2712_iommu_init: DEBUG_INFO = 0x20804774
[    2.400152] bcm2712-iommu 1000005200.iommu: bcm2712_iommu_probe: Success
[    2.407245] bcm2712-iommu 1000005280.iommu: bcm2712_iommu_init: DEBUG_INFO = 0x20804774
[    2.415634] bcm2712-iommu 1000005280.iommu: bcm2712_iommu_probe: Success
[    2.422705] sdhci-brcmstb 1000fff000.mmc: Got CD GPIO
[    2.422814] device-mapper: init: waiting for all devices to be available before creating mapped devices
[    2.427957] mmc1: CQHCI version 5.10
[    2.429449] mmc0: CQHCI version 5.10
[    2.477872] mmc0: SDHCI controller on 1000fff000.mmc [1000fff000.mmc] using ADMA 64-bit
[    2.599915] mmc0: new ultra high speed SDR104 SDXC card at address 0001
[    2.606938] mmcblk0: mmc0:0001 SD 58.2 GiB
[    2.613445] GPT:Primary header thinks Alt. header is not at the end of the disk.
[    2.620873] GPT:7004193 != 122138623
[    2.624584] GPT:Alternate GPT header not at the end of the disk.
[    2.630611] GPT:7004193 != 122138623
[    2.631878] mmc1: SDHCI controller on 1001100000.mmc [1001100000.mmc] using ADMA 64-bit
[    2.634192] GPT: Use GNU Parted to correct GPT errors.
[    2.634198]  mmcblk0: p1 p2 p3 p4 p5
[    2.651113] mmcblk0: mmc0:0001 SD 58.2 GiB
[    2.655239] device-mapper: init: waiting for device /dev/mmcblk0p4 ...
[    2.661806] device-mapper: init: all devices available
[    2.667031] device-mapper: verity: sha256 using implementation "sha256-generic"
[    2.673950] mmc1: new ultra high speed DDR50 SDIO card at address 0001
[    2.674558] device-mapper: ioctl: dm-0 (vroot) is ready
[    2.686168] of_cfs_init
[    2.688635] of_cfs_init: OK
[    2.691900] clk: Disabling unused clocks
[    2.695984] ALSA device list:
[    2.698958]   No soundcards found.
[    2.702402] uart-pl011 107d001000.serial: no DMA platform data
[    2.733011] EXT4-fs (dm-0): write access unavailable, skipping orphan cleanup
[    2.740200] EXT4-fs (dm-0): mounted filesystem aac804d4-df3a-4bab-8a00-7ce453fdde73 ro with ordered data mode. Quota mode: none.
[    2.751829] VFS: Mounted root (ext4 filesystem) readonly on device 254:0.
[    2.759113] devtmpfs: mounted
[    2.764474] Freeing unused kernel memory: 5376K
[    2.769069] Run /sbin/init as init process
[    3.047541] NET: Registered PF_INET6 protocol family
[    3.052788] Segment Routing with IPv6
[    3.056474] In-situ OAM (IOAM) with IPv6
[    3.086725] systemd[1]: systemd 255.21^ running in system mode (-PAM -AUDIT -SELINUX -APPARMOR +IMA -SMACK +SECCOMP -GCRYPT -GNUTLS -OPENSSL +ACL +BLKID -CURL -ELFUTILS -FIDO2 -IDN2 -IDN -IPTC +KMOD -LIBCRYPTSETUP +LIBFDISK -PCRE2 -PWQUALITY -P11KIT -QRENCODE -TPM2 -BZIP2 -LZ4 -XZ -ZLIB +ZSTD -BPF_FRAMEWORK +XKBCOMMON +UTMP +SYSVINIT default-hierarchy=unified)
[    3.118804] systemd[1]: Detected architecture arm64.

Welcome to [1mPoky (Yocto Project Reference Distro) 5.0.14 (scarthgap)[0m!

[    3.143422] systemd[1]: Hostname set to <raspberrypi5-uboot-tpm>.
[    3.154468] systemd[1]: Initializing machine ID from random generator.
[    3.161062] systemd[1]: Installed transient /etc/machine-id file.
[    3.346603] systemd[1]: Queued start job for default target Multi-User System.
[    3.373877] systemd[1]: Created slice Slice /system/modprobe.
[[0;32m  OK  [0m] Created slice [0;1;39mSlice /system/modprobe[0m.
[    3.393573] systemd[1]: Created slice Slice /system/systemd-fsck.
[[0;32m  OK  [0m] Created slice [0;1;39mSlice /system/systemd-fsck[0m.
[    3.413481] systemd[1]: Created slice User and Session Slice.
[[0;32m  OK  [0m] Created slice [0;1;39mUser and Session Slice[0m.
[    3.433407] systemd[1]: Started Dispatch Password Requests to Console Directory Watch.
[[0;32m  OK  [0m] Started [0;1;39mDispatch Password Requests to Console Directory Watch[0m.
[    3.457391] systemd[1]: Started Forward Password Requests to Wall Directory Watch.
[[0;32m  OK  [0m] Started [0;1;39mForward Password Requests to Wall Directory Watch[0m.
[    3.481402] systemd[1]: Expecting device /dev/disk/by-label/data...
         Expecting device [0;1;39m/dev/disk/by-label/data[0m...
[    3.501366] systemd[1]: Expecting device /sys/devices/platform/gpu/graphics/fb0...
         Expecting device [0;1;39m/sys/devices/platform/gpu/graphics/fb0[0m...
[    3.525364] systemd[1]: Reached target Login Prompts.
[[0;32m  OK  [0m] Reached target [0;1;39mLogin Prompts[0m.
[    3.545373] systemd[1]: Reached target Path Units.
[[0;32m  OK  [0m] Reached target [0;1;39mPath Units[0m.
[    3.565364] systemd[1]: Reached target Remote File Systems.
[[0;32m  OK  [0m] Reached target [0;1;39mRemote File Systems[0m.
[    3.585371] systemd[1]: Reached target Slice Units.
[[0;32m  OK  [0m] Reached target [0;1;39mSlice Units[0m.
[    3.605363] systemd[1]: Reached target Swaps.
[[0;32m  OK  [0m] Reached target [0;1;39mSwaps[0m.
[    3.638915] systemd[1]: Listening on RPCbind Server Activation Socket.
[[0;32m  OK  [0m] Listening on [0;1;39mRPCbind Server Activation Socket[0m.
[    3.665380] systemd[1]: Reached target RPC Port Mapper.
[[0;32m  OK  [0m] Reached target [0;1;39mRPC Port Mapper[0m.
[    3.685896] systemd[1]: Listening on Syslog Socket.
[[0;32m  OK  [0m] Listening on [0;1;39mSyslog Socket[0m.
[    3.705422] systemd[1]: Listening on initctl Compatibility Named Pipe.
[[0;32m  OK  [0m] Listening on [0;1;39minitctl Compatibility Named Pipe[0m.
[    3.729541] systemd[1]: Listening on Journal Audit Socket.
[[0;32m  OK  [0m] Listening on [0;1;39mJournal Audit Socket[0m.
[    3.749435] systemd[1]: Listening on Journal Socket (/dev/log).
[[0;32m  OK  [0m] Listening on [0;1;39mJournal Socket (/dev/log)[0m.
[    3.769463] systemd[1]: Listening on Journal Socket.
[[0;32m  OK  [0m] Listening on [0;1;39mJournal Socket[0m.
[    3.789483] systemd[1]: Listening on Network Service Netlink Socket.
[[0;32m  OK  [0m] Listening on [0;1;39mNetwork Service Netlink Socket[0m.
[    3.809478] systemd[1]: Listening on udev Control Socket.
[[0;32m  OK  [0m] Listening on [0;1;39mudev Control Socket[0m.
[    3.829427] systemd[1]: Listening on udev Kernel Socket.
[[0;32m  OK  [0m] Listening on [0;1;39mudev Kernel Socket[0m.
[    3.849438] systemd[1]: Listening on User Database Manager Socket.
[[0;32m  OK  [0m] Listening on [0;1;39mUser Database Manager Socket[0m.
[    3.869478] systemd[1]: Huge Pages File System was skipped because of an unmet condition check (ConditionPathExists=/sys/kernel/mm/hugepages).
[    3.913415] systemd[1]: Mounting POSIX Message Queue File System...
         Mounting [0;1;39mPOSIX Message Queue File System[0m...
[    3.933952] systemd[1]: Mounting Kernel Debug File System...
         Mounting [0;1;39mKernel[    3.940377] systemd[1]: Mounting Kernel Trace File System...
 Debug File System[0m...
         Mounting [0;1;39mKernel[    3.959295] systemd[1]: Mounting Temporary Directory /tmp...
 Trace File System[0m...
         Mounting [0;1;39mTemporary Directory /tmp[0m...
[    4.017981] systemd[1]: Starting Create List of Static Device Nodes...
         Starting [0;1;39mCreate[    4.025443] systemd[1]: Starting Load Kernel Module configfs...
 List of Static Device Nodes[0m...
         Starting [0;1;39mLoad K[    4.050222] systemd[1]: Starting Load Kernel Module drm...
ernel Module configfs[0m...
         Starting [0;1;39mLoad K[    4.070257] systemd[1]: Starting Load Kernel Module fuse...
ernel Module drm[0m...
         Starting [0;1;39mLoad Kernel Mo[    4.090968] systemd[1]: Starting RPC Bind...
dule fuse[0m...
         Starting [0;1;39mRPC Bind[0m..[    4.107040] systemd[1]: Starting Journal Service...
.
[    4.122529] fuse: init (API version 7.39)
         Starting [0;1;39mJournal Service[0m...[    4.139568] systemd[1]: Load Kernel Modules was skipped because no trigger condition checks were met.

[    4.151869] systemd[1]: Starting Generate network units from Kernel command line...
         Starting [0;1;39mGenera[    4.162162] systemd[1]: Starting Remount Root and Kernel File Systems...
te network units from Kernel command line[0m...
         Starting [0;1;39mRemount Root and Kernel File Systems[0m...
[    4.197935] systemd-journald[141]: Collecting audit messages is enabled.
[    4.206900] systemd[1]: Starting Apply Kernel Variables...
         Starting [0;1;39mApply [    4.213264] systemd[1]: Starting Coldplug All udev Devices...
Kernel Variables[0m...
         Starting [0;1;39mColdpl[    4.234719] systemd[1]: Started RPC Bind.
ug All udev Devices[0m...
[    4.245960] EXT4-fs (dm-0): re-mounted aac804d4-df3a-4bab-8a00-7ce453fdde73 ro. Quota mode: none.
[[0;32m  OK  [0m] Started [0;1;39mRPC Bind[0m.
[    4.289398] systemd[1]: Started Journal Service.
[[0;32m  OK  [0m] Started [0;1;39mJournal Service[0m.
[[0;32m  OK  [0m] Mounted [0;1;39mPOSIX Message Queue File System[0m.
[[0;32m  OK  [0m] Mounted [0;1;39mKernel Debug File System[0m.
[[0;32m  OK  [0m] Mounted [0;1;39mKernel Trace File System[0m.
[[0;32m  OK  [0m] Mounted [0;1;39mTemporary Directory /tmp[0m.
[[0;32m  OK  [0m] Finished [0;1;39mCreate List of Static Device Nodes[0m.
[[0;32m  OK  [0m] Finished [0;1;39mLoad Kernel Module configfs[0m.
[[0;32m  OK  [0m] Finished [0;1;39mLoad Kernel Module drm[0m.
[[0;32m  OK  [0m] Finished [0;1;39mLoad Kernel Module fuse[0m.
[[0;32m  OK  [0m] Finished [0;1;39mGenerate network units from Kernel command line[0m.
[[0;32m  OK  [0m] Finished [0;1;39mRemount Root and Kernel File Systems[0m.
[[0;32m  OK  [0m] Finished [0;1;39mApply Kernel Variables[0m.
[[0;32m  OK  [0m] Finished [0;1;39mColdplug All udev Devices[0m.
[[0;32m  OK  [0m] Reached target [0;1;39mPreparation for Network[0m.
         Mounting [0;1;39mFUSE Control File System[0m...
         Mounting [0;1;39mKernel Configuration File System[0m...
         Starting [0;1;39mFlush Journal to Persistent Storage[0m...
         Starting [0;1;39mCreate Static Device Nodes in /dev gracefully[0m...[    4.619375] systemd-journald[141]: Received client request to flush runtime journal.

[[0;32m  OK  [0m] Mounted [0;1;39mFUSE Control File System[0m.
[[0;32m  OK  [0m] Mounted [0;1;39mKernel Configuration File System[0m.
[[0;32m  OK  [0m] Finished [0;1;39mFlush Journal to Persistent Storage[0m.
[[0;32m  OK  [0m] Finished [0;1;39mCreate Static Device Nodes in /dev gracefully[0m.
         Starting [0;1;39mCreate Static Device Nodes in /dev[0m...
[[0;32m  OK  [0m] Finished [0;1;39mCreate Static Device Nodes in /dev[0m.
[[0;32m  OK  [0m] Reached target [0;1;39mPreparation for Local File Systems[0m.
         Mounting [0;1;39m/var/volatile[0m...
[    4.813708] audit: type=1334 audit(1790429651.779:2): prog-id=6 op=LOAD
[    4.820379] audit: type=1334 audit(1790429651.783:3): prog-id=7 op=LOAD
         Starting [0;1;39mRule-based Manager for Device Events and Files[0m...
[[0;32m  OK  [0m] Mounted [0;1;39m/var/volatile[0m.
         Starting [0;1;39mBind mount volatile /var/cache[0m...
         Starting [0;1;39mBind mount volatile /var/lib[0m...
         Starting [0;1;39mBind mount volatile /var/spool[0m...
         Starting [0;1;39mBind mount volatile /srv[0m...
[[0;32m  OK  [0m] Finished [0;1;39mBind mount volatile /var/cache[0m.
[[0;32m  OK  [0m] Finished [0;1;39mBind mount volatile /var/lib[0m.
[[0;32m  OK  [0m] Finished [0;1;39mBind mount volatile /var/spool[0m.
[[0;32m  OK  [0m] Finished [0;1;39mBind mount volatile /srv[0m.
[[0;32m  OK  [0m] Reached target [0;1;39mLocal File Systems[0m.
         Starting [0;1;39mLoad/Save OS Random Seed[0m...
         Starting [0;1;39mCreate System Files and Directories[0m...
[    5.110063] audit: type=1334 audit(1790429652.075:4): prog-id=8 op=LOAD
[    5.116734] audit: type=1334 audit(1790429652.075:5): prog-id=9 op=LOAD
[    5.123400] audit: type=1334 audit(1790429652.083:6): prog-id=10 op=LOAD
         Starting [0;1;39mUser Database Manager[0m...
[[0;32m  OK  [0m] Finished [0;1;39mLoad/Save OS Random Seed[0m.
[[0;32m  OK  [0m] Started [0;1;39mUser Database Manager[0m.
[[0;32m  OK  [0m] Finished [0;1;39mCreate System Files and Directories[0m.
[    5.195380] audit: type=1334 audit(1790429652.159:7): prog-id=11 op=LOAD
         Starting [0;1;39mNetwork Name Resolution[0m...
[    5.241943] audit: type=1334 audit(1790429652.207:8): prog-id=12 op=LOAD
         Starting [0;1;39mNetwork Time Synchronization[0m...
         Starting [0;1;39mRecord System Boot/Shutdown in UTMP[0m...
[[0;32m  OK  [0m] Finished [0;1;39mRecord System Boot/Shutdown in UTMP[0m.
[[0;32m  OK  [0m] Started [0;1;39mRule-based Manager for Device Events and Files[0m.
[[0;32m  OK  [0m] Started [0;1;39mNetwork Name Resolution[0m.
[[0;32m  OK  [0m] Started [0;1;39mNetwork Time Synchronization[0m.
[[0;32m  OK  [0m] Reached target [0;1;39mHost and Network Name[    5.373837] rpi-gpiomem 107d508500.gpiomem: window base 0x107d508500 size 0x00000040
 Lookups[0m.
[    5.376070] tpm_tis_spi spi0.1: 2.0 TPM (device-id 0x1D, rev-id 54)
[    5.390983] rpi-gpiomem 107d508500.gpiomem: initialised 1 regions as /dev/gpiomem1
[    5.398644] rpi-gpiomem 107d517c00.gpiomem: window base 0x107d517c00 size 0x00000040
[    5.398821] rp1-firmware rp1_firmware: RP1 Firmware version 658de8ab25a7ec62b6393624a22a35c39a7c3382
[    5.406565] rpi-gpiomem 107d517c00.gpiomem: initialised 1 regions as /dev/gpiomem2
[    5.423275] rpi-gpiomem 107d504100.gpiomem: window base 0x107d504100 size 0x00000020
[    5.431135] rpi-gpiomem 107d504100.gpiomem: initialised 1 regions as /dev/gpiomem3
[    5.431407] rp1-pio 1f00178000.pio: Created instance as pio0
[    5.438764] rpi-gpiomem 107d510700.gpiomem: window base 0x107d510700 size 0x00000020
[    5.452266] rpi-gpiomem 107d510700.gpiomem: initialised 1 regions as /dev/gpiomem4
[    5.459976] rpi-gpiomem 1f000d0000.gpiomem: window base 0x1f000d0000 size 0x00030000
[[0;32m  OK  [0m] Reached target [    5.468053] rpi-gpiomem 1f000d0000.gpiomem: initialised 1 regions as /dev/gpiomem0
[0;1;39mSystem Initialization[0m.
[[0;32m  OK  [0m] Started [0;1;39mDaily Cleanup of Temporary Directories[0m.
[[0;32m  OK  [0m] Reached target [0;1;39mSystem Time Set[0m.
[[0;32m  OK  [0m] Reached target [0;1;39mTimer Units[0m.
[[0;32m  OK  [0m] Listening on [0;1;39mAvahi mDNS/DNS-SD Stack Activation Socket[0m.[    5.539336] mc: Linux media interface: v0.10

[    5.558695] input: pwr_button as /devices/platform/pwr_button/input/input0
[[0;32m  OK  [0m] Listening on [0;1;39[    5.568931] videodev: Linux video capture interface: v2.00
mD-Bus System Message Bus Socket[0m.
[    5.589887] rpivid_hevc: module is from the staging directory, the quality is unknown, you have been warned.
[    5.600879] rpivid 1000800000.codec: bcm2712_iommu_of_xlate: MMU 1000005100.iommu
[    5.609161] rpivid 1000800000.codec: Device registered as /dev/video19
[    5.611108] cfg80211: Loading compiled-in X.509 certificates for regulatory database
[    5.623685] pispbe 1000880000.pisp_be: bcm2712_iommu_of_xlate: MMU 1000005100.iommu
[    5.627696] Loaded X.509 cert 'benh@debian.org: 577e021cb980e0e820821ba7b54b4961b8b4fadf'
[    5.639847] Loaded X.509 cert 'romain.perier@gmail.com: 3abbc6ec146e09d1b6016ab9d6cf71dd233f0328'
[    5.648970] Loaded X.509 cert 'sforshee: 00b28ddf47aef9cea7'
[    5.654876] Loaded X.509 cert 'wens: 61c038651aabdcf94bd0ac7ff06c7248db18c600'
[[0;32m  OK  [0m] Listening on [    5.662512] pispbe 1000880000.pisp_be: Runtime PM usage count underflow!
[0;1;39mdropbear.socket[0m.
[[0;32m  OK  [0m] Reached target [0;1;39mSocket Units[0m.
[    5.690463] brcmfmac: brcmf_fw_alloc_request: using brcm/brcmfmac43455-sdio for chip BCM4345/6
[    5.699277] usbcore: registered new interface driver brcmfmac
[[0;32m  OK  [0m] Reached targe[    5.710640] Bluetooth: Core ver 2.22
t [0;1;39mBasic System[    5.716189] NET: Registered PF_BLUETOOTH protocol family
[0m.
[    5.723504] Bluetooth: HCI device and connection manager initialized
[    5.730471] Bluetooth: HCI socket layer initialized
[    5.735366] Bluetooth: L2CAP socket layer initialized
[    5.740440] Bluetooth: SCO socket layer initialized
[    5.751491] Bluetooth: HCI UART driver ver 2.3
[    5.755963] Bluetooth: HCI UART protocol H4 registered
[    5.761255] Bluetooth: HCI UART protocol Three-wire (H5) registered
[    5.767691] hci_uart_bcm serial0-0: supply vbat not found, using dummy regulator
[    5.769361] Bluetooth: HCI UART protocol Broadcom registered
[    5.775170] hci_uart_bcm serial0-0: supply vddio not found, using dummy regulator
         Starting [0;1;39mAvahi mDNS/DNS-SD Stack[0m...
[[0;32m  OK  [0m] Started [0;1;39mKernel Logging Service[0m.
[[0;32m  OK  [0m] Started [0;1;39mSystem Logging Service[0m.
         Starting [0;1;39mD-Bus System Message Bus[0m...
         Starting [0;1;39mTelephony service[0m...
[    5.870720] audit: type=1334 audit(1790429652.835:9): prog-id=13 op=LOAD
[    5.877504] audit: type=1334 audit(1790429652.843:10): prog-id=14 op=LOAD
[    5.884400] audit: type=1334 audit(1790429652.843:11): prog-id=15 op=LOAD
         Starting [0;1;39mUser Login Management[0m...
[    5.906220] audit: type=1334 audit(1790429652.871:12): prog-id=16 op=LOAD
         Starting [0;1;39mNetwork Configuration[0m...
[[0;32m  OK  [0m] Found device [0;1;39m/dev/disk/by-label/data[0m.
[[0;32m  OK  [0m] Started [0;1;39mUser Login Management[0m.
[[0;32m  OK  [0m] Started [0;1;39mD-Bus System Message Bus[0m.
         Starting [0;1;39mFile System Check on /dev/disk/by-label/data[0m...
[    6.037132] brcmfmac: brcmf_c_process_txcap_blob: no txcap_blob available (err=-2)
[    6.045017] brcmfmac: brcmf_c_preinit_dcmds: Firmware: BCM4345/6 wl0: Aug 29 2023 01:47:08 version 7.45.265 (28bca26 CY) FWID 01-b677b91b
[[0;32m  OK  [0m] Started [0;1;39mNetw[    6.064168] spi_gpio: probe of spi-gpio failed with error -16
ork Configuration[0m.[    6.065908] macb 1f00100000.ethernet eth0: PHY [1f00100000.ethernet-ffffffff:01] driver [Broadcom BCM54213PE] (irq=POLL)

[    6.084502] macb 1f00100000.ethernet eth0: configuring for phy/rgmii-id link mode
[[0;32m  OK  [0m] Started [0;1;39mTelephony se[    6.096024] pps pps0: new PPS source ptp0
rvice[0m.
[    6.102519] macb 1f00100000.ethernet: gem-ptp-timer ptp clock registered.
[[0;32m  OK  [0m] Started [0;1;39mAvahi mDNS/DNS-SD Stack[0m.
[[0;32m  OK  [0m] Reached target [0;1;39mMulti-User System[0m.
[[0;32m  OK  [0[    6.152854] Bluetooth: hci0: BCM: chip id 107
m] Reached target [0;1;[    6.159699] Bluetooth: hci0: BCM: features 0x2f
39mNetwork[0m.
[[0;32m  OK  [0m] Listening on [0;1;39mLoad/Save RF[    6.170527] Bluetooth: hci0: BCM4345C0
 Kill Switch Status /dev[    6.175936] Bluetooth: hci0: BCM4345C0 (003.001.025) build 0000
/rfkill Watch[0m.
         Starting [0;1;39m[    6.186453] Bluetooth: hci0: BCM4345C0 'brcm/BCM4345C0.hcd' Patch
Record Runlevel Change in UTMP[0m...
         Starting [0;1;39mVirtual Console Setup[0m...
[[0;32m  OK  [0m] Created slice [0;1;39mSlice /system/bthelper[0m.
         Starting [0;1;39mRaspberry Pi bluetooth helper[0m...
         Starting [0;1;39mLoad/Save RF Kill Switch Status[0m...
[[0;32m  OK  [0m] Finished [0;1;39mRecord Runlevel Change in UTMP[0m.
[[0;32m  OK  [0m] Started [0;1;39mLoad/Save RF Kill Switch Status[0m.
[[0;32m  OK  [0m] Finished [0;1;39mFile System Check on /dev/disk/by-label/data[0m.
         Mounting [0;1;39m/data[0m...
[[0;32m  OK  [0m] Finished [0;1;39mVirtual Console Setup[0m.
[    6.322189] EXT4-fs (mmcblk0p5): mounted filesystem 3924175a-14b0-4a0f-bd47-0e87a1c1c592 r/w with ordered data mode. Quota mode: none.
[[0;32m  OK  [0m] Mounted [0;1;39m/data[0m.
[    6.873919] Bluetooth: hci0: BCM: features 0x2f
[    6.879781] Bluetooth: hci0: BCM43455 37.4MHz Raspberry Pi 3+-0190
[    6.885988] Bluetooth: hci0: BCM4345C0 (003.001.025) build 0382
[    6.892267] Bluetooth: hci0: BCM: Using default device address (43:45:c0:00:1f:ac)
[[0;32m  OK  [0m] Finished [0;1;39mRaspberry Pi bluetooth helper[0m.
         Starting [0;1;39mBluetooth service[0m...
[[0;32m  OK  [0m] Started [0;1;39mBluetooth service[0m.
[    7.016250] Bluetooth: BNEP (Ethernet Emulation) ver 1.3
[    7.021593] Bluetooth: BNEP filters: protocol multicast
[    7.026844] Bluetooth: BNEP socket layer initialized
[    7.034765] Bluetooth: MGMT ver 1.22
[[0;32m  OK  [0m] Reached targe[    7.042181] NET: Registered PF_ALG protocol family
t [0;1;39mBluetooth Support[0m.
[    7.060133] Bluetooth: RFCOMM TTY layer initialized
[    7.065055] Bluetooth: RFCOMM socket layer initialized
[    7.070220] Bluetooth: RFCOMM ver 1.11
[    7.078087] audit: type=1334 audit(1790429654.043:13): prog-id=17 op=LOAD
[    7.085388] audit: type=1334 audit(1790429654.047:14): prog-id=18 op=LOAD
[    7.092223] audit: type=1334 audit(1790429654.047:15): prog-id=19 op=LOAD
         Starting [0;1;39mHostname Service[0m...
[[0;32m  OK  [0m] Started [0;1;39mHostname Service[0m.
[    9.162370] macb 1f00100000.ethernet eth0: Link is Up - 1Gbps/Full - flow control tx
[[0m[0;31m*     [0m] A start job is running for /sys/dev…m/gpu/graphics/fb0 (5s / 1min 30s)
M[K[[0;1;31m*[0m[0;31m*    [0m] A start job is running for /sys/dev…m/gpu/graphics/fb0 (6s / 1min 30s)
M[K[[0;31m*[0;1;31m*[0m[0;31m*   [0m] A start job is running for /sys/dev…m/gpu/graphics/fb0 (6s / 1min 30s)
M[K[ [0;31m*[0;1;31m*[0m[0;31m*  [0m] A start job is running for /sys/dev…m/gpu/graphics/fb0 (7s / 1min 30s)
M[K[  [0;31m*[0;1;31m*[0m[0;31m* [0m] A start job is running for /sys/dev…m/gpu/graphics/fb0 (7s / 1min 30s)
M[K[   [0;31m*[0;1;31m*[0m[0;31m*[0m] A start job is running for /sys/dev…m/gpu/graphics/fb0 (8s / 1min 30s)
M[K[    [0;31m*[0;1;31m*[0m] A start job is running for /sys/dev…m/gpu/graphics/fb0 (9s / 1min 30s)
M[K[     [0;31m*[0m] A start job is running for /sys/dev…m/gpu/graphics/fb0 (9s / 1min 30s)
M[K[    [0;31m*[0;1;31m*[0m] A start job is running for /sys/dev…/gpu/graphics/fb0 (10s / 1min 30s)
M[K[   [0;31m*[0;1;31m*[0m[0;31m*[0m] A start job is running for /sys/dev…/gpu/graphics/fb0 (10s / 1min 30s)
M[K[  [0;31m*[0;1;31m*[0m[0;31m* [0m] A start job is running for /sys/dev…/gpu/graphics/fb0 (11s / 1min 30s)
M[K[ [0;31m*[0;1;31m*[0m[0;31m*  [0m] A start job is running for /sys/dev…/gpu/graphics/fb0 (11s / 1min 30s)
M[K[[0;31m*[0;1;31m*[0m[0;31m*   [0m] A start job is running for /sys/dev…/gpu/graphics/fb0 (12s / 1min 30s)
M[K[[0;1;31m*[0m[0;31m*    [0m] A start job is running for /sys/dev…/gpu/graphics/fb0 (12s / 1min 30s)
M[K[[0m[0;31m*     [0m] A start job is running for /sys/dev…/gpu/graphics/fb0 (13s / 1min 30s)
M[K[[0;1;31m*[0m[0;31m*    [0m] A start job is running for /sys/dev…/gpu/graphics/fb0 (13s / 1min 30s)
M[K[[0;31m*[0;1;31m*[0m[0;31m*   [0m] A start job is running for /sys/dev…/gpu/graphics/fb0 (14s / 1min 30s)
M[K[ [0;31m*[0;1;31m*[0m[0;31m*  [0m] A start job is running for /sys/dev…/gpu/graphics/fb0 (14s / 1min 30s)
M[K[  [0;31m*[0;1;31m*[0m[0;31m* [0m] A start job is running for /sys/dev…/gpu/graphics/fb0 (15s / 1min 30s)
M[K[   [0;31m*[0;1;31m*[0m[0;31m*[0m] A start job is running for /sys/dev…/gpu/graphics/fb0 (15s / 1min 30s)
M[K[    [0;31m*[0;1;31m*[0m] A start job is running for /sys/dev…/gpu/graphics/fb0 (16s / 1min 30s)
M[K[     [0;31m*[0m] A start job is running for /sys/dev…/gpu/graphics/fb0 (16s / 1min 30s)
M[K[    [0;31m*[0;1;31m*[0m] A start job is running for /sys/dev…/gpu/graphics/fb0 (17s / 1min 30s)
M[K[   [0;31m*[0;1;31m*[0m[0;31m*[0m] A start job is running for /sys/dev…/gpu/graphics/fb0 (17s / 1min 30s)
M[K[  [0;31m*[0;1;31m*[0m[0;31m* [0m] A start job is running for /sys/dev…/gpu/graphics/fb0 (18s / 1min 30s)
M[K[ [0;31m*[0;1;31m*[0m[0;31m*  [0m] A start job is running for /sys/dev…/gpu/graphics/fb0 (18s / 1min 30s)
M[K[[0;31m*[0;1;31m*[0m[0;31m*   [0m] A start job is running for /sys/dev…/gpu/graphics/fb0 (19s / 1min 30s)
M[K[[0;1;31m*[0m[0;31m*    [0m] A start job is running for /sys/dev…/gpu/graphics/fb0 (19s / 1min 30s)
M[K[[0m[0;31m*     [0m] A start job is running for /sys/dev…/gpu/graphics/fb0 (20s / 1min 30s)
M[K[[0;1;31m*[0m[0;31m*    [0m] A start job is running for /sys/dev…/gpu/graphics/fb0 (20s / 1min 30s)
M[K[[0;31m*[0;1;31m*[0m[0;31m*   [0m] A start job is running for /sys/dev…/gpu/graphics/fb0 (21s / 1min 30s)
M[K[ [0;31m*[0;1;31m*[0m[0;31m*  [0m] A start job is running for /sys/dev…/gpu/graphics/fb0 (21s / 1min 30s)
M[K[  [0;31m*[0;1;31m*[0m[0;31m* [0m] A start job is running for /sys/dev…/gpu/graphics/fb0 (22s / 1min 30s)
M[K[   [0;31m*[0;1;31m*[0m[0;31m*[0m] A start job is running for /sys/dev…/gpu/graphics/fb0 (22s / 1min 30s)
M[K[    [0;31m*[0;1;31m*[0m] A start job is running for /sys/dev…/gpu/graphics/fb0 (23s / 1min 30s)
M[K[     [0;31m*[0m] A start job is running for /sys/dev…/gpu/graphics/fb0 (23s / 1min 30s)
M[K[    [0;31m*[0;1;31m*[0m] A start job is running for /sys/dev…/gpu/graphics/fb0 (24s / 1min 30s)
M[K[   [0;31m*[0;1;31m*[0m[0;31m*[0m] A start job is running for /sys/dev…/gpu/graphics/fb0 (24s / 1min 30s)
M[K[  [0;31m*[0;1;31m*[0m[0;31m* [0m] A start job is running for /sys/dev…/gpu/graphics/fb0 (25s / 1min 30s)
M[K[ [0;31m*[0;1;31m*[0m[0;31m*  [0m] A start job is running for /sys/dev…/gpu/graphics/fb0 (25s / 1min 30s)
M[K[[0;31m*[0;1;31m*[0m[0;31m*   [0m] A start job is running for /sys/dev…/gpu/graphics/fb0 (26s / 1min 30s)
M[K[[0;1;31m*[0m[0;31m*    [0m] A start job is running for /sys/dev…/gpu/graphics/fb0 (26s / 1min 30s)
M[K[[0m[0;31m*     [0m] A start job is running for /sys/dev…/gpu/graphics/fb0 (27s / 1min 30s)
M[K[[0;1;31m*[0m[0;31m*    [0m] A start job is running for /sys/dev…/gpu/graphics/fb0 (27s / 1min 30s)
M[K[[0;31m*[0;1;31m*[0m[0;31m*   [0m] A start job is running for /sys/dev…/gpu/graphics/fb0 (28s / 1min 30s)
M[K[ [0;31m*[0;1;31m*[0m[0;31m*  [0m] A start job is running for /sys/dev…/gpu/graphics/fb0 (28s / 1min 30s)
M[K[  [0;31m*[0;1;31m*[0m[0;31m* [0m] A start job is running for /sys/dev…/gpu/graphics/fb0 (29s / 1min 30s)
M[K[   [0;31m*[0;1;31m*[0m[0;31m*[0m] A start job is running for /sys/dev…/gpu/graphics/fb0 (29s / 1min 30s)
M[K[    [0;31m*[0;1;31m*[0m] A start job is running for /sys/dev…/gpu/graphics/fb0 (30s / 1min 30s)
M[K[     [0;31m*[0m] A start job is running for /sys/dev…/gpu/graphics/fb0 (30s / 1min 30s)
M[K[    [0;31m*[0;1;31m*[0m] A start job is running for /sys/dev…/gpu/graphics/fb0 (31s / 1min 30s)
M[K[   [0;31m*[0;1;31m*[0m[0;31m*[0m] A start job is running for /sys/dev…/gpu/graphics/fb0 (31s / 1min 30s)
M[K[  [0;31m*[0;1;31m*[0m[0;31m* [0m] A start job is running for /sys/dev…/gpu/graphics/fb0 (32s / 1min 30s)
M[K[ [0;31m*[0;1;31m*[0m[0;31m*  [0m] A start job is running for /sys/dev…/gpu/graphics/fb0 (32s / 1min 30s)
M[K[[0;31m*[0;1;31m*[0m[0;31m*   [0m] A start job is running for /sys/dev…/gpu/graphics/fb0 (33s / 1min 30s)
M[K[[0;1;31m*[0m[0;31m*    [0m] A start job is running for /sys/dev…/gpu/graphics/fb0 (33s / 1min 30s)
M[K[[0m[0;31m*     [0m] A start job is running for /sys/dev…/gpu/graphics/fb0 (34s / 1min 30s)
M[K[[0;1;31m*[0m[0;31m*    [0m] A start job is running for /sys/dev…/gpu/graphics/fb0 (34s / 1min 30s)
M[K[[0;31m*[0;1;31m*[0m[0;31m*   [0m] A start job is running for /sys/dev…/gpu/graphics/fb0 (35s / 1min 30s)
M[K[ [0;31m*[0;1;31m*[0m[0;31m*  [0m] A start job is running for /sys/dev…/gpu/graphics/fb0 (35s / 1min 30s)
[   39.333407] audit: type=1334 audit(1790429686.299:16): prog-id=19 op=UNLOAD
[   39.340430] audit: type=1334 audit(1790429686.299:17): prog-id=18 op=UNLOAD
[   39.347422] audit: type=1334 audit(1790429686.299:18): prog-id=17 op=UNLOAD
M[K[  [0;31m*[0;1;31m*[0m[0;31m* [0m] A start job is running for /sys/dev…/gpu/graphics/fb0 (36s / 1min 30s)
M[K[   [0;31m*[0;1;31m*[0m[0;31m*[0m] A start job is running for /sys/dev…/gpu/graphics/fb0 (36s / 1min 30s)
M[K[    [0;31m*[0;1;31m*[0m] A start job is running for /sys/dev…/gpu/graphics/fb0 (37s / 1min 30s)
M[K[     [0;31m*[0m] A start job is running for /sys/dev…/gpu/graphics/fb0 (37s / 1min 30s)
M[K[    [0;31m*[0;1;31m*[0m] A start job is running for /sys/dev…/gpu/graphics/fb0 (38s / 1min 30s)
M[K[   [0;31m*[0;1;31m*[0m[0;31m*[0m] A start job is running for /sys/dev…/gpu/graphics/fb0 (38s / 1min 30s)
M[K[  [0;31m*[0;1;31m*[0m[0;31m* [0m] A start job is running for /sys/dev…/gpu/graphics/fb0 (39s / 1min 30s)
M[K[ [0;31m*[0;1;31m*[0m[0;31m*  [0m] A start job is running for /sys/dev…/gpu/graphics/fb0 (39s / 1min 30s)
M[K[[0;31m*[0;1;31m*[0m[0;31m*   [0m] A start job is running for /sys/dev…/gpu/graphics/fb0 (40s / 1min 30s)
M[K[[0;1;31m*[0m[0;31m*    [0m] A start job is running for /sys/dev…/gpu/graphics/fb0 (40s / 1min 30s)
M[K[[0m[0;31m*     [0m] A start job is running for /sys/dev…/gpu/graphics/fb0 (41s / 1min 30s)
M[K[[0;1;31m*[0m[0;31m*    [0m] A start job is running for /sys/dev…/gpu/graphics/fb0 (41s / 1min 30s)
M[K[[0;31m*[0;1;31m*[0m[0;31m*   [0m] A start job is running for /sys/dev…/gpu/graphics/fb0 (42s / 1min 30s)
M[K[ [0;31m*[0;1;31m*[0m[0;31m*  [0m] A start job is running for /sys/dev…/gpu/graphics/fb0 (42s / 1min 30s)
M[K[  [0;31m*[0;1;31m*[0m[0;31m* [0m] A start job is running for /sys/dev…/gpu/graphics/fb0 (43s / 1min 30s)
M[K[   [0;31m*[0;1;31m*[0m[0;31m*[0m] A start job is running for /sys/dev…/gpu/graphics/fb0 (43s / 1min 30s)
M[K[    [0;31m*[0;1;31m*[0m] A start job is running for /sys/dev…/gpu/graphics/fb0 (44s / 1min 30s)
M[K[     [0;31m*[0m] A start job is running for /sys/dev…/gpu/graphics/fb0 (44s / 1min 30s)
M[K[    [0;31m*[0;1;31m*[0m] A start job is running for /sys/dev…/gpu/graphics/fb0 (45s / 1min 30s)
M[K[   [0;31m*[0;1;31m*[0m[0;31m*[0m] A start job is running for /sys/dev…/gpu/graphics/fb0 (45s / 1min 30s)
M[K[  [0;31m*[0;1;31m*[0m[0;31m* [0m] A start job is running for /sys/dev…/gpu/graphics/fb0 (46s / 1min 30s)
M[K[ [0;31m*[0;1;31m*[0m[0;31m*  [0m] A start job is running for /sys/dev…/gpu/graphics/fb0 (46s / 1min 30s)
M[K[[0;31m*[0;1;31m*[0m[0;31m*   [0m] A start job is running for /sys/dev…/gpu/graphics/fb0 (47s / 1min 30s)
M[K[[0;1;31m*[0m[0;31m*    [0m] A start job is running for /sys/dev…/gpu/graphics/fb0 (47s / 1min 30s)
M[K[[0m[0;31m*     [0m] A start job is running for /sys/dev…/gpu/graphics/fb0 (48s / 1min 30s)
M[K[[0;1;31m*[0m[0;31m*    [0m] A start job is running for /sys/dev…/gpu/graphics/fb0 (48s / 1min 30s)
M[K[[0;31m*[0;1;31m*[0m[0;31m*   [0m] A start job is running for /sys/dev…/gpu/graphics/fb0 (49s / 1min 30s)
M[K[ [0;31m*[0;1;31m*[0m[0;31m*  [0m] A start job is running for /sys/dev…/gpu/graphics/fb0 (49s / 1min 30s)
M[K[  [0;31m*[0;1;31m*[0m[0;31m* [0m] A start job is running for /sys/dev…/gpu/graphics/fb0 (50s / 1min 30s)
M[K[   [0;31m*[0;1;31m*[0m[0;31m*[0m] A start job is running for /sys/dev…/gpu/graphics/fb0 (50s / 1min 30s)
M[K[    [0;31m*[0;1;31m*[0m] A start job is running for /sys/dev…/gpu/graphics/fb0 (51s / 1min 30s)
M[K[     [0;31m*[0m] A start job is running for /sys/dev…/gpu/graphics/fb0 (51s / 1min 30s)
M[K[    [0;31m*[0;1;31m*[0m] A start job is running for /sys/dev…/gpu/graphics/fb0 (52s / 1min 30s)
M[K[   [0;31m*[0;1;31m*[0m[0;31m*[0m] A start job is running for /sys/dev…/gpu/graphics/fb0 (52s / 1min 30s)
M[K[  [0;31m*[0;1;31m*[0m[0;31m* [0m] A start job is running for /sys/dev…/gpu/graphics/fb0 (53s / 1min 30s)
M[K[ [0;31m*[0;1;31m*[0m[0;31m*  [0m] A start job is running for /sys/dev…/gpu/graphics/fb0 (53s / 1min 30s)
M[K[[0;31m*[0;1;31m*[0m[0;31m*   [0m] A start job is running for /sys/dev…/gpu/graphics/fb0 (54s / 1min 30s)
M[K[[0;1;31m*[0m[0;31m*    [0m] A start job is running for /sys/dev…/gpu/graphics/fb0 (54s / 1min 30s)
M[K[[0m[0;31m*     [0m] A start job is running for /sys/dev…/gpu/graphics/fb0 (55s / 1min 30s)
M[K[[0;1;31m*[0m[0;31m*    [0m] A start job is running for /sys/dev…/gpu/graphics/fb0 (55s / 1min 30s)
M[K[[0;31m*[0;1;31m*[0m[0;31m*   [0m] A start job is running for /sys/dev…/gpu/graphics/fb0 (56s / 1min 30s)
M[K[ [0;31m*[0;1;31m*[0m[0;31m*  [0m] A start job is running for /sys/dev…/gpu/graphics/fb0 (56s / 1min 30s)
M[K[  [0;31m*[0;1;31m*[0m[0;31m* [0m] A start job is running for /sys/dev…/gpu/graphics/fb0 (57s / 1min 30s)
M[K[   [0;31m*[0;1;31m*[0m[0;31m*[0m] A start job is running for /sys/dev…/gpu/graphics/fb0 (57s / 1min 30s)
M[K[    [0;31m*[0;1;31m*[0m] A start job is running for /sys/dev…/gpu/graphics/fb0 (58s / 1min 30s)
M[K[     [0;31m*[0m] A start job is running for /sys/dev…/gpu/graphics/fb0 (58s / 1min 30s)
M[K[    [0;31m*[0;1;31m*[0m] A start job is running for /sys/dev…/gpu/graphics/fb0 (59s / 1min 30s)
M[K[   [0;31m*[0;1;31m*[0m[0;31m*[0m] A start job is running for /sys/dev…/gpu/graphics/fb0 (59s / 1min 30s)
M[K[  [0;31m*[0;1;31m*[0m[0;31m* [0m] A start job is running for /sys/dev…gpu/graphics/fb0 (1min / 1min 30s)
M[K[ [0;31m*[0;1;31m*[0m[0;31m*  [0m] A start job is running for /sys/dev…gpu/graphics/fb0 (1min / 1min 30s)
M[K[[0;31m*[0;1;31m*[0m[0;31m*   [0m] A start job is running for /sys/dev…/graphics/fb0 (1min 1s / 1min 30s)
M[K[[0;1;31m*[0m[0;31m*    [0m] A start job is running for /sys/dev…/graphics/fb0 (1min 1s / 1min 30s)
M[K[[0m[0;31m*     [0m] A start job is running for /sys/dev…/graphics/fb0 (1min 2s / 1min 30s)
M[K[[0;1;31m*[0m[0;31m*    [0m] A start job is running for /sys/dev…/graphics/fb0 (1min 2s / 1min 30s)
M[K[[0;31m*[0;1;31m*[0m[0;31m*   [0m] A start job is running for /sys/dev…/graphics/fb0 (1min 3s / 1min 30s)
M[K[ [0;31m*[0;1;31m*[0m[0;31m*  [0m] A start job is running for /sys/dev…/graphics/fb0 (1min 3s / 1min 30s)
M[K[  [0;31m*[0;1;31m*[0m[0;31m* [0m] A start job is running for /sys/dev…/graphics/fb0 (1min 4s / 1min 30s)
M[K[   [0;31m*[0;1;31m*[0m[0;31m*[0m] A start job is running for /sys/dev…/graphics/fb0 (1min 4s / 1min 30s)
M[K[    [0;31m*[0;1;31m*[0m] A start job is running for /sys/dev…/graphics/fb0 (1min 5s / 1min 30s)
M[K[     [0;31m*[0m] A start job is running for /sys/dev…/graphics/fb0 (1min 5s / 1min 30s)
M[K[    [0;31m*[0;1;31m*[0m] A start job is running for /sys/dev…/graphics/fb0 (1min 6s / 1min 30s)
M[K[   [0;31m*[0;1;31m*[0m[0;31m*[0m] A start job is running for /sys/dev…/graphics/fb0 (1min 6s / 1min 30s)
M[K[  [0;31m*[0;1;31m*[0m[0;31m* [0m] A start job is running for /sys/dev…/graphics/fb0 (1min 7s / 1min 30s)
M[K[ [0;31m*[0;1;31m*[0m[0;31m*  [0m] A start job is running for /sys/dev…/graphics/fb0 (1min 7s / 1min 30s)
M[K[[0;31m*[0;1;31m*[0m[0;31m*   [0m] A start job is running for /sys/dev…/graphics/fb0 (1min 8s / 1min 30s)
M[K[[0;1;31m*[0m[0;31m*    [0m] A start job is running for /sys/dev…/graphics/fb0 (1min 8s / 1min 30s)
M[K[[0m[0;31m*     [0m] A start job is running for /sys/dev…/graphics/fb0 (1min 9s / 1min 30s)
M[K[[0;1;31m*[0m[0;31m*    [0m] A start job is running for /sys/dev…/graphics/fb0 (1min 9s / 1min 30s)
M[K[[0;31m*[0;1;31m*[0m[0;31m*   [0m] A start job is running for /sys/dev…graphics/fb0 (1min 10s / 1min 30s)
M[K[ [0;31m*[0;1;31m*[0m[0;31m*  [0m] A start job is running for /sys/dev…graphics/fb0 (1min 10s / 1min 30s)
M[K[  [0;31m*[0;1;31m*[0m[0;31m* [0m] A start job is running for /sys/dev…graphics/fb0 (1min 11s / 1min 30s)
M[K[   [0;31m*[0;1;31m*[0m[0;31m*[0m] A start job is running for /sys/dev…graphics/fb0 (1min 11s / 1min 30s)
M[K[    [0;31m*[0;1;31m*[0m] A start job is running for /sys/dev…graphics/fb0 (1min 12s / 1min 30s)
M[K[     [0;31m*[0m] A start job is running for /sys/dev…graphics/fb0 (1min 12s / 1min 30s)
M[K[    [0;31m*[0;1;31m*[0m] A start job is running for /sys/dev…graphics/fb0 (1min 13s / 1min 30s)
M[K[   [0;31m*[0;1;31m*[0m[0;31m*[0m] A start job is running for /sys/dev…graphics/fb0 (1min 13s / 1min 30s)
M[K[  [0;31m*[0;1;31m*[0m[0;31m* [0m] A start job is running for /sys/dev…graphics/fb0 (1min 14s / 1min 30s)
M[K[ [0;31m*[0;1;31m*[0m[0;31m*  [0m] A start job is running for /sys/dev…graphics/fb0 (1min 14s / 1min 30s)
M[K[[0;31m*[0;1;31m*[0m[0;31m*   [0m] A start job is running for /sys/dev…graphics/fb0 (1min 15s / 1min 30s)
M[K[[0;1;31m*[0m[0;31m*    [0m] A start job is running for /sys/dev…graphics/fb0 (1min 15s / 1min 30s)
M[K[[0m[0;31m*     [0m] A start job is running for /sys/dev…graphics/fb0 (1min 16s / 1min 30s)
M[K[[0;1;31m*[0m[0;31m*    [0m] A start job is running for /sys/dev…graphics/fb0 (1min 16s / 1min 30s)
M[K[[0;31m*[0;1;31m*[0m[0;31m*   [0m] A start job is running for /sys/dev…graphics/fb0 (1min 17s / 1min 30s)
M[K[ [0;31m*[0;1;31m*[0m[0;31m*  [0m] A start job is running for /sys/dev…graphics/fb0 (1min 17s / 1min 30s)
M[K[  [0;31m*[0;1;31m*[0m[0;31m* [0m] A start job is running for /sys/dev…graphics/fb0 (1min 18s / 1min 30s)
M[K[   [0;31m*[0;1;31m*[0m[0;31m*[0m] A start job is running for /sys/dev…graphics/fb0 (1min 18s / 1min 30s)
M[K[    [0;31m*[0;1;31m*[0m] A start job is running for /sys/dev…graphics/fb0 (1min 19s / 1min 30s)
M[K[     [0;31m*[0m] A start job is running for /sys/dev…graphics/fb0 (1min 19s / 1min 30s)
M[K[    [0;31m*[0;1;31m*[0m] A start job is running for /sys/dev…graphics/fb0 (1min 20s / 1min 30s)
M[K[   [0;31m*[0;1;31m*[0m[0;31m*[0m] A start job is running for /sys/dev…graphics/fb0 (1min 20s / 1min 30s)
M[K[  [0;31m*[0;1;31m*[0m[0;31m* [0m] A start job is running for /sys/dev…graphics/fb0 (1min 21s / 1min 30s)
M[K[ [0;31m*[0;1;31m*[0m[0;31m*  [0m] A start job is running for /sys/dev…graphics/fb0 (1min 21s / 1min 30s)
M[K[[0;31m*[0;1;31m*[0m[0;31m*   [0m] A start job is running for /sys/dev…graphics/fb0 (1min 22s / 1min 30s)
M[K[[0;1;31m*[0m[0;31m*    [0m] A start job is running for /sys/dev…graphics/fb0 (1min 22s / 1min 30s)
M[K[[0m[0;31m*     [0m] A start job is running for /sys/dev…graphics/fb0 (1min 23s / 1min 30s)
M[K[[0;1;31m*[0m[0;31m*    [0m] A start job is running for /sys/dev…graphics/fb0 (1min 23s / 1min 30s)
M[K[[0;31m*[0;1;31m*[0m[0;31m*   [0m] A start job is running for /sys/dev…graphics/fb0 (1min 24s / 1min 30s)
M[K[ [0;31m*[0;1;31m*[0m[0;31m*  [0m] A start job is running for /sys/dev…graphics/fb0 (1min 24s / 1min 30s)
M[K[  [0;31m*[0;1;31m*[0m[0;31m* [0m] A start job is running for /sys/dev…graphics/fb0 (1min 25s / 1min 30s)
M[K[   [0;31m*[0;1;31m*[0m[0;31m*[0m] A start job is running for /sys/dev…graphics/fb0 (1min 25s / 1min 30s)
M[K[    [0;31m*[0;1;31m*[0m] A start job is running for /sys/dev…graphics/fb0 (1min 26s / 1min 30s)
M[K[     [0;31m*[0m] A start job is running for /sys/dev…graphics/fb0 (1min 26s / 1min 30s)
M[K[    [0;31m*[0;1;31m*[0m] A start job is running for /sys/dev…graphics/fb0 (1min 27s / 1min 30s)
M[K[   [0;31m*[0;1;31m*[0m[0;31m*[0m] A start job is running for /sys/dev…graphics/fb0 (1min 27s / 1min 30s)
M[K[  [0;31m*[0;1;31m*[0m[0;31m* [0m] A start job is running for /sys/dev…graphics/fb0 (1min 28s / 1min 30s)
M[K[ [0;31m*[0;1;31m*[0m[0;31m*  [0m] A start job is running for /sys/dev…graphics/fb0 (1min 28s / 1min 30s)
M[K[[0;31m*[0;1;31m*[0m[0;31m*   [0m] A start job is running for /sys/dev…graphics/fb0 (1min 29s / 1min 30s)
M[K[[0;1;31m*[0m[0;31m*    [0m] A start job is running for /sys/dev…graphics/fb0 (1min 29s / 1min 30s)
M[K[[0m[0;31m*     [0m] A start job is running for /sys/dev…graphics/fb0 (1min 30s / 1min 30s)
M[K[[0;1;31m TIME [0m] Timed out waiting for device [0;1;39m/sys/devices/platform/gpu/graphics/fb0[0m.
[K[[0;1;38;5;185mDEPEND[0m] Dependency failed for [0;1;39mStart psplash boot splash screen[0m.
[[0;1;38;5;185mDEPEND[0m] Dependency failed for [0;1;39mStart psplas…temd progress communication helper[0m.
[[0;32m  OK  [0m] Removed slice [0;1;39mSlice /system/dropbear[0m.
[[0;32m  OK  [0m] Removed slice [0;1;39mSlice /system/modprobe[0m.
[[0;32m  OK  [0m] Stopped target [0;1;39mBluetooth Support[0m.
[[0;32m  OK  [0m] Stopped target [0;1;39mMulti-User System[0m.
[[0;32m  OK  [0m] Stopped target [0;1;39mLogin Prompts[0m.
[[0;32m  OK  [0m] Stopped target [0;1;39mNetwork[0m.
[[0;32m  OK  [0m] Stopped target [0;1;39mHost and Network Name Lookups[0m.
[[0;32m  OK  [0m] Stopped target [0;1;39mRemote File Systems[0m.
[[0;32m  OK  [0m] Stopped target [0;1;39mRPC Port Mapper[0m.
[[0;32m  OK  [0m] Stopped target [0;1;39mSystem Time Set[0m.
[[0;32m  OK  [0m] Stopped target [0;1;39mTimer Units[0m.
[[0;32m  OK  [0m] Stopped [0;1;39mDaily Cleanup of Temporary Directories[0m.
[[0;32m  OK  [0m] Closed [0;1;39mLoad/Save RF Kill Switch Status /dev/rfkill Watch[0m.
         Unmounting [0;1;39m/dat[  129.941099] EXT4-fs (mmcblk0p5): unmounting filesystem 3924175a-14b0-4a0f-bd47-0e87a1c1c592.
a[0m...
         Stopping [0;1;39mAvahi mDNS/DNS-SD Stack[0m...
         Stopping [0;1;39mBluetooth service[0m...
         Stopping [0;1;39mKernel Logging Service[0m...
         Stopping [0;1;39mSystem Logging Service[0m...
         Stopping [0;1;39mD-Bus System Message Bus[0m...
         Stopping [0;1;39mTelephony service[0m...
         Stopping [0;1;39mUser Login Management[0m...
         Stopping [0;1;39mNetwork Configuration[0m...
         Stopping [0;1;39mLoad/Save OS Random Seed[0m...
[[0;32m  OK  [0m] Stopped [0;1;39mAvahi mDNS/DNS-SD Stack[0m.
[[0;32m  OK  [0m] Stopped [0;1;39mKernel Logging Service[0m.
[[0;32m  OK  [0m] Stopped [0;1;39mSystem Logging Service[0m.
[[0;32m  OK  [0m] Stopped [0;1;39mD-Bus System Message Bus[0m.
[[0;32m  OK  [0m] Stopped [0;1;39mTelephony service[0m.
[[0;32m  OK  [0m] Stopped [0;1;39mUser Login Management[0m.
[[0;32m  OK  [0m] Stopped [0;1;39mNetwork Configuration[0m.
[[0;32m  OK  [0m] Stopped [0;1;39mBluetooth service[0m.
[[0;32m  OK  [0m] Unmounted [0;1;39m/data[0m.
[[0;32m  OK  [0m] Stopped [0;1;39mLoad/Save OS Random Seed[0m.
[  130.264445] audit: type=1334 audit(1790429777.197:19): prog-id=16 op=UNLOAD
[  130.271562] audit: type=1334 audit(1790429777.197:20): prog-id=13 op=UNLOAD
[[0;32m  OK  [0m] Stopped target [0;1;39mPreparation for Network[0m.
[[0;32m  OK  [0m] Stopped [0;1;39mRaspberry Pi bluetooth helper[0m.
[[0;32m  OK  [0m] Removed slice [0;1;39mSlice /system/bthelper[0m.
[[0;32m  OK  [0m] Stopped target [0;1;39mBasic System[0m.
[[0;32m  OK  [0m] Stopped target [0;1;39mPath Units[0m.
[[0;32m  OK  [0m] Stopped [0;1;39mDispatch Password Requests to Console Directory Watch[0m.
[[0;32m  OK  [0m] Stopped [0;1;39mForward Password Requests to Wall Directory Watch[0m.
[[0;32m  OK  [0m] Stopped target [0;1;39mSlice Units[0m.
[[0;32m  OK  [0m] Removed slice [0;1;39mUser and Session Slice[0m.
[[0;32m  OK  [0m] Stopped target [0;1;39mSocket Units[0m.
[[0;32m  OK  [0m] Closed [0;1;39mAvahi mDNS/DNS-SD Stack Activation Socket[0m.
[[0;32m  OK  [0m] Closed [0;1;39mD-Bus System Message Bus Socket[0m.
[[0;32m  OK  [0m] Closed [0;1;39mdropbear.socket[0m.
[[0;32m  OK  [0m] Stopped target [0;1;39mSystem Initialization[0m.
[[0;32m  OK  [0m] Closed [0;1;39mSyslog Socket[0m.
[[0;32m  OK  [0m] Closed [0;1;39mNetwork Service Netlink Socket[0m.
[[0;32m  OK  [0m] Stopped [0;1;39mFile System Check on /dev/disk/by-label/data[0m.
[[0;32m  OK  [0m] Removed slice [0;1;39mSlice /system/systemd-fsck[0m.
[[0;32m  OK  [0m] Stopped [0;1;39mGenerate network units from Kernel command line[0m.
         Stopping [0;1;39mNetwork Name Resolution[0m...
         Stopping [0;1;39mNetwork Time Synchronization[0m...
         Stopping [0;1;39mRecord System Boot/Shutdown in UTMP[0m...
[[0;32m  OK  [0m] Stopped [0;1;39mNetwork Name Resolution[0m.
[[0;32m  OK  [0m] Stopped [0;1;39mNetwork Time Synchronization[0m.
[  130.671612] audit: type=1334 audit(1790429777.605:21): prog-id=11 op=UNLOAD
[[0;32m  OK  [0m] Stopped [0;1;39mApply Kernel Variables[0m.
[  130.683630] audit: type=1334 audit(1790429777.617:22): prog-id=12 op=UNLOAD
[[0;32m  OK  [0m] Stopped [0;1;39mRecord System Boot/Shutdown in UTMP[0m.
[[0;32m  OK  [0m] Stopped [0;1;39mCreate System Files and Directories[0m.
[[0;32m  OK  [0m] Stopped target [0;1;39mLocal File Systems[0m.
         Unmounting [0;1;39m/etc/machine-id[0m...
         Unmounting [0;1;39m/srv[0m...
         Unmounting [0;1;39mTemporary Directory /tmp[0m...
         Unmounting [0;1;39m/var/cache[0m...
         Unmounting [0;1;39m/var/lib[0m...
         Unmounting [0;1;39m/var/spool[0m...
         Stopping [0;1;39mBind mount volatile /var/cache[0m...
         Stopping [0;1;39mBind mount volatile /var/lib[0m...
         Stopping [0;1;39mBind mount volatile /var/spool[0m...
         Stopping [0;1;39mBind mount volatile /srv[0m...
[[0;32m  OK  [0m] Unmounted [0;1;39m/etc/machine-id[0m.
[[0;32m  OK  [0m] Unmounted [0;1;39m/srv[0m.
[[0;32m  OK  [0m] Unmounted [0;1;39mTemporary Directory /tmp[0m.
[[0;32m  OK  [0m] Unmounted [0;1;39m/var/cache[0m.
[[0;32m  OK  [0m] Unmounted [0;1;39m/var/lib[0m.
[[0;32m  OK  [0m] Unmounted [0;1;39m/var/spool[0m.
[[0;32m  OK  [0m] Stopped [0;1;39mBind mount volatile /var/cache[0m.
[[0;32m  OK  [0m] Stopped [0;1;39mBind mount volatile /var/lib[0m.
[[0;32m  OK  [0m] Stopped [0;1;39mBind mount volatile /var/spool[0m.
[[0;32m  OK  [0m] Stopped [0;1;39mBind mount volatile /srv[0m.
         Unmounting [0;1;39m/var/volatile[0m...
[[0;32m  OK  [0m] Unmounted [0;1;39m/var/volatile[0m.
[[0;32m  OK  [0m] Stopped target [0;1;39mPreparation for Local File Systems[0m.
[[0;32m  OK  [0m] Stopped target [0;1;39mSwaps[0m.
[[0;32m  OK  [0m] Reached target [0;1;39mUnmount All Filesystems[0m.
[[0;32m  OK  [0m] Stopped [0;1;39mRemount Root and Kernel File Systems[0m.
[[0;32m  OK  [0m] Stopped [0;1;39mCreate Static Device Nodes in /dev[0m.
[[0;32m  OK  [0m] Stopped [0;1;39mCreate Static Device Nodes in /dev gracefully[0m.
[[0;32m  OK  [0m] Reached target [0;1;39mSystem Shutdown[0m.
[[0;32m  OK  [0m] Reached target [0;1;39mLate Shutdown Services[0m.
[[0;32m  OK  [0m] Finished [0;1;39mSystem Reboot[0m.
[[0;32m  OK  [0m] Reached target [0;1;39mSystem Reboot[0m.
[  131.286121] audit: type=1334 audit(1790429778.217:23): prog-id=15 op=UNLOAD
[  131.293159] audit: type=1334 audit(1790429778.225:24): prog-id=14 op=UNLOAD
[  131.300166] audit: type=1334 audit(1790429778.229:25): prog-id=5 op=UNLOAD
[  131.307076] audit: type=1334 audit(1790429778.229:26): prog-id=4 op=UNLOAD
[  131.313992] audit: type=1334 audit(1790429778.229:27): prog-id=3 op=UNLOAD
[  131.320900] audit: type=1334 audit(1790429778.229:28): prog-id=10 op=UNLOAD
[  131.343864] watchdog: watchdog0: watchdog did not stop!
[  131.354881] systemd-shutdown[1]: Using hardware watchdog 'Broadcom BCM2835 Watchdog timer', version 0, device /dev/watchdog0
[  131.366169] systemd-shutdown[1]: Watchdog running with a hardware timeout of 1min.
[  131.397624] systemd-shutdown[1]: Syncing filesystems and block devices.
[  131.404349] systemd-shutdown[1]: Sending SIGTERM to remaining processes...
[  131.414981] systemd-journald[141]: Received SIGTERM from PID 1 (systemd-shutdow).
[  131.423102] systemd-shutdown[1]: Sending SIGKILL to remaining processes...
[  131.432822] systemd-shutdown[1]: Unmounting file systems.
[  131.438441] systemd-shutdown[1]: All filesystems unmounted.
[  131.444039] systemd-shutdown[1]: Deactivating swaps.
[  131.449167] systemd-shutdown[1]: All swaps deactivated.
[  131.454470] systemd-shutdown[1]: Detaching loop devices.
[  131.461132] systemd-shutdown[1]: All loop devices detached.
[  131.466734] systemd-shutdown[1]: Stopping MD devices.
[  131.471855] systemd-shutdown[1]: All MD devices stopped.
[  131.477199] systemd-shutdown[1]: Detaching DM devices.
[  131.482493] systemd-shutdown[1]: Not all DM devices detached, 1 left.
[  131.488983] systemd-shutdown[1]: Detaching DM devices.
[  131.494362] systemd-shutdown[1]: Not all DM devices detached, 1 left.
[  131.500837] systemd-shutdown[1]: Cannot finalize remaining DM devices, continuing.
[  131.508973] systemd-shutdown[1]: Unable to finalize remaining DM devices, ignoring.
[  131.516836] systemd-shutdown[1]: Syncing filesystems and block devices.
[  131.523519] systemd-shutdown[1]: Rebooting with argument '0 tryboot'.
[  131.583398] macb 1f00100000.ethernet eth0: Link is Down
[  131.588937] macb 1f00100000.ethernet: gem-ptp-timer ptp clock unregistered.
[  131.596369] kvm: exiting hardware virtualization
[  131.601005] reboot: Restarting system with command '0 tryboot'

  1.87 RPi: BOOTSYS release VERSION:465206a2 DATE: 2026/09/10 TIME: 00:06:58
  1.87 MFG_VER: 1
  1.87 BOOTMODE: 0x06 partition 0 build-ts BUILD_TIMESTAMP=1788998818 serial 0af4f481 boardrev a04171 stc 1877767
  1.88 AON_RESET: 00000003 PM_RSTS 00000020
  1.89 POWER_OFF_ON_HALT: 1 WAIT_FOR_POWER_BUTTON 0 power-on-reset 0
  1.89 EEPROM ID 0xef4015
  1.90 SFDP v1.5 Param v1.5 Capacity 2048KB
  1.90 RP1_BOOT chip ID: 0x20001927
  1.91 PCIEx1: PWR 0 DET_WAKE 0
  1.91 part 00000000 reset_info 00000001
  1.91 PMIC power-on reset-event 00000000 rtc 6ab7ca54 alarm 00000000 enabled 0
  1.92 uSD voltage 3.3V
  1.93 SDRAM_CONFIG: 07 board-rev 00000001
  1.93 Initialising SDRAM rank 1 total-size: 8Gbit part: 0 (0x07 0x07) odt: 0
  1.93 memsys_init: 0 8Gbit MCB 0x80015ff0: 7880
  1.94 DDR 4267 Mbps dual-rank:0 byte-mode:0 size-gbit:8 part-config:0 odt:0
  2.44 RP1 FW: load 0
  2.46 RP1_BOOT chip ID: 0x20001927
  3.24 RP1 FW: load 1
  3.66 OTP boardrev a04171 bootrom a a
  3.66 Customer key hash 0e4da3d85c697bf14d80c93d4257754edc7ab80290b0ce317823182b782160b0
  3.67 VC-JTAG unlocked
  3.95 TRYBOOT
  3.69 RP1_BOOT chip ID: 0x20001927
  3.70 bootconf.sig
  3.70 hash: 06ff27260a405355d7a129c13dd9b8e16335c0311831468aeb2e886740c7ac28
  3.70 rsa2048: bc31e3bef2ea2b7e487911a21680abd1f3b27c064d6260c3dd48f5fc94757d2263ee3db58a4760778da95a08c69acad45affbb513ba9afabaf26ffa4f3edb1bb9889554c1e2a1d0428d07f4b3fa52688d6182d891216d601525a675016b417669e32851f2b2ab0e805bf41e1fbae82211c139a62b7f28d636e742db3a79b9a426f7a132506209a9efd41df77891a8010e2d4fa1fa0f682cdd834f9d6d4528fe633659705248921b935ca8153ee32d121fbe99732d8a42de3dcb2d5b0fbba5cfbc051c99f1d5aa6c38130ba8f0067883e9d0c9e457e58a49b05910a23e6c2323142f2d6c361e9ddd987460b9e52cabc42232be792ba71fa7e2d36ec80f30a7cf1
  3.75 RSA verify
  3.71 rsa-verify pass (0x0)

  4.42 AB: P:N C:1
  4.56 TRYBOOT
  4.45 PCI2 init
  4.45 PCI2 reset
  4.50 PCIe scan 00001de4:00000001
  4.50 RP1_CHIP_INFO 20001927

  4.50 RPi: BOOTLOADER release VERSION:465206a2 DATE: 2026/09/10 TIME: 00:06:58
  4.51 MFG_VER: 1
  4.51 BOOTMODE: 0x06 partition 0 build-ts BUILD_TIMESTAMP=1788998818 serial 0af4f481 boardrev a04171 stc 4514541
  4.52 EEPROM ID 0xef4015
  4.52 SFDP v1.5 Param v1.5 Capacity 2048KB
  4.53 PCIEx1: PWR 0 DET_WAKE 0
  4.33 M.2 PCIe HAT not detected.
  4.54 usb_pd_init status 3
  4.54 USB_PD CONFIG 0 43
  4.59 SD_OC: 0
  4.95 Boot mode: SD (01) order f24
  4.61 SD HOST: 200000000 CTL0: 0x00800000 BUS: 400000 Hz actual: 390625 HZ div: 512 (256) status: 0x1fff0000 delay: 276
  4.62 SD HOST: 200000000 CTL0: 0x00800f00 BUS: 400000 Hz actual: 390625 HZ div: 512 (256) status: 0x1fff0000 delay: 276
  4.94 SD retry 1 oc 501
  4.96 SD HOST: 200000000 CTL0: 0x00800000 BUS: 400000 Hz actual: 390625 HZ div: 512 (256) status: 0x1fff0000 delay: 276
  4.97 OCR c0ff8000 [2]
CID: 00563456534400000000000004ba01a2
CSD: 400e00325b590001d1eb7f8006400000
  4.99 SD: bus-width: 4 spec: 2 SCR: 0x02858483 0x00000000
  5.00 SD HOST: 200000000 CTL0: 0x00800f04 BUS: 50000000 Hz actual: 50000000 HZ div: 4 (2) status: 0x1fff0000 delay: 2
  5.01 MBR: 0x00000001, 7004193 type: 0xee
  5.01 MBR: 0x00000000,       0 type: 0x00
  5.01 MBR: 0x00000000,       0 type: 0x00
  5.02 MBR: 0x00000000,       0 type: 0x00
  5.02 USB-PD: src-cap PDO object1 0x2e01912c
  5.03 Current 3000 mA
  5.03 Voltage 5000 mV
  5.34 Trying partition: 0
  5.04 GPT 0000000000000000000000004d9b9ef0 000000001 0006ae021 num-partitions 128 entry-size 128 pentry 2 first 0
  5.05 GPT partition: 0 ebd0a0a2-b9e5-4433-87c0-68b6b72699c7 000002000..0000567ff
  5.05 Matched GUID bootable-part-idx 0 want partition 0
  5.61 type: 16 lba: 8192 'mkfs.fat' '  V       ^ ' clusters 43215 (8)
  5.06 rsc 8 fat-sectors 176 root dir cluster 1 sectors 32 entries 512
  5.07 FAT16 clusters 43215
  5.84 Read autoboot.txt bytes       64 hnd 0x4d22
  5.86 TRYBOOT_A_B_MODE
  5.08 Select partition rsts 0 C(boot_partition) 1 EEPROM config 0 result 1
  5.94 Trying partition: 1
  5.10 GPT 0000000000000000000000004d9b9ef0 000000001 0006ae021 num-partitions 128 entry-size 128 pentry 2 first 0
  5.11 GPT partition: 0 ebd0a0a2-b9e5-4433-87c0-68b6b72699c7 000002000..0000567ff
  5.11 Matched GUID bootable-part-idx 0 want partition 0
  5.22 type: 16 lba: 8192 'mkfs.fat' '  V       ^ ' clusters 43215 (8)
  5.12 rsc 8 fat-sectors 176 root dir cluster 1 sectors 32 entries 512
  5.13 FAT16 clusters 43215
  5.36 secure-boot
  5.38 Loading boot.img ...
  5.15 boot.sig
  5.15 hash: e8f34a0fadd17ca4e90856f0e8f24c4f34a8954f23c0eb390384e369bf9f98c7
  5.15 ts: 1790428766
  5.16 rsa2048: c00153187dff3e0a1ea53c440c3305ff07104623b9e11d9ba983b38e511c64c043f21ec121510e48aa95ad458b3072574b339ceca47bc0e6c6cb012ec847bab3f5a34f2c5fd8dd953c05a6cee3d6f1bdd093e550f587a107099c15eba35ec6fac968bf1ef4a86236ef31165f3a87223b2c7175511dd7506a653da4ff58aee0ed6b883dd6ea68b1a197077eef61feee009c814152aac7ed87ffcb8c80843935884dab7f0855de6b14246bea4ddd27100fb74a86b3e471678a209c9d4c644c278ea7e754238bc2230a067b278447af59386214b52c8a69ac895112d0dd93a91870ac8dcff88559edaa7a7d06307e41bb94daa72cc18edfabce1efa1eaa21ab61a7
  9.55 Verifying
 12.35 RSA verify
 12.64 rsa-verify pass (0x0)
 12.37 MBR: 0x00000000,       0 type: 0x00
 12.38 MBR: 0x00000000,       0 type: 0x00
 12.38 MBR: 0x00000000,       0 type: 0x00
 12.38 MBR: 0x00000000,       0 type: 0x00
 12.91 Trying partition: 0
 12.94 type: 16 lba: 0 'mkfs.fat' '  V       ^ ' clusters 56373 (1)
 12.40 rsc 1 fat-sectors 221 root dir cluster 1 sectors 2 entries 32
 12.40 FAT16 clusters 56373
 12.10 Read config.txt bytes     2774 hnd 0xd674
 12.13 usb_max_current_enable default 0 max-current 3000
 12.19 Read bcm2712-rpi-5-b.dtb bytes    81203 hnd 0xd5d3
 12.42 dt-match: compatible: raspberrypi,5-model-b match: brcm,bcm2712
 12.42 dt-match: compatible: brcm,bcm2712 match: brcm,bcm2712
 12.44 Selecting USB low current limit
 12.44 MESS:00:00:12.447704:0: *** Restart logging
 12.49 Read /config.txt bytes     2774 hnd 0xd674
 12.45 MESS:00:00:12.454818:0: board: boardrev a04171 otp a04171
 12.60 Read /config.txt bytes     2774 hnd 0xd674
 12.46 MESS:00:00:12.467871:0: Initial voltage 800000 temp 48821
 12.66 MESS:00:00:12.667921:0: avs_2712: AVS pred 8573 857300 temp 47722
 12.67 MESS:00:00:12.671527:0: vpred 857 mV +0
 12.67 MESS:00:00:12.675723:0: over-voltage idle: 0 avs: 97300 delta: 0 (0x00000000)
 12.68 MESS:00:00:12.686799:0: FB framebuffer_swap 1
 12.70 MESS:00:00:12.701122:0: Select resolution HDMI0/2 hotplug 0 max_mode 2
 12.70 MESS:00:00:12.705164:0: Select resolution HDMI1/2 hotplug 0 max_mode 2
 12.71 MESS:00:00:12.712170:0: dtb_file 'bcm2712-rpi-5-b.dtb'
 12.71 Loading 'bcm2712-rpi-5-b.dtb' to 0x00000000 offset 0x100
 12.23 Read bcm2712-rpi-5-b.dtb bytes    81203 hnd 0xd5d3
 12.40 Read /overlays/overlay_map.dtb bytes     5451 hnd 0xdc24
 12.45 Read /overlays/bcm2712d0.dtbo bytes     1507 hnd 0xdc34
 12.76 MESS:00:00:12.761280:0: Loaded overlay 'bcm2712d0'
 12.80 PCIEx1: PWR 0 DET_WAKE 0
 12.13 Read /config.txt bytes     2774 hnd 0xd674
 12.81 [ramdisk] /overlays/vc4-kms-v3d-pi5.dtbo not found
 12.24  /overlays/vc4-kms-v3d-pi5.dtbo 
 12.82 MESS:00:00:12.825594:0: dtparam: spi=on
 12.37 Read /overlays/letstrust-tpm.dtbo bytes      775 hnd 0xdc32
 12.84 MESS:00:00:12.846173:0: Loaded overlay 'letstrust-tpm'
 12.65 Read /overlays/letstrust-tpm-uboot.dtbo bytes     1099 hnd 0xdc2f
 12.87 MESS:00:00:12.873816:0: Loaded overlay 'letstrust-tpm-uboot'
 12.39 Read /cmdline.txt bytes      327 hnd 0xd673
 12.94 MESS:00:00:12.941519:0: Read command line from file 'cmdline.txt':
 12.94 MESS:00:00:12.948030:0: 'dwc_otg.lpm_enable=0 dm-mod.create="vroot,,,ro,0 630784 verity 1 @ROOTDEV@ @ROOTDEV@ 4096 4096 78848 78849 sha256 0210f085381cd853e873b54834c9a9b7ebb453397703390fb044dcf0d764b199 155097cdcf4de0877ba1a937f5e3732046c1aea865594ac9
 13.07 MESS:00:00:13.077957:0: RPM 0, max RPM 0
 13.09 BMD "armstub8-2712.bin" not found
 13.97 fs_open: 'armstub8-2712.bin' 
 13.10 Loading 'kernel_2712.img' to 0x00000000 offset 0x200000
 13.12 Read kernel_2712.img bytes   738792 hnd 0xd680
 13.11 MESS:00:00:13.114043:0: Device tree loaded to 0x2efeb800 (size 0x1470b)
 13.12 PCI1 reset
 13.13 PCI2 reset
 13.14 set_reboot_order 0
 13.14 set_reboot_arg1 0
 13.14 USB-OTG disconnect
 13.18 MESS:00:00:13.183977:0: Watchdog stopped
 13.18 MESS:00:00:13.185390:0: Starting OS 13185 ms
 13.19 MESS:00:00:13.193856:0: 00000040: -> 00000480
 13.19 MESS:00:00:13.195705:0: 00000030: -> 00100080
 13.20 MESS:00:00:13.200417:0: 00000034: -> 00100080
 13.20 MESS:00:00:13.205131:0: 00000038: -> 00100080
 13.20 MESS:00:00:13.209843:0: 0000003c: -> 00100080

NOTICE:  BL31: v2.6(release):v2.6-240-gfc45bc492
NOTICE:  BL31: Built : 12:55:13, Dec  4 2024


U-Boot 2024.04 (Sep 26 2026 - 13:18:27 +0000)

DRAM:  1020 MiB
RPI 5 Model B (0xa04171)
Core:  53 devices, 17 uclasses, devicetree: board
MMC:   mmc@fff000: 0, mmc@1100000: 1
Loading Environment from nowhere... OK
PCIe BRCM: link up, 5.0 Gbps x4 (!SSC)
In:    serial,usbkbd
Out:   serial,vidconsole
Err:   serial,vidconsole
Net:   eth0: ethernet@100000
[?25h
starting USB...
No working controllers found
rpi_bootpart=1
28977664 bytes read in 1208 ms (22.9 MiB/s)
Created "bi"
Block 0x0+0xdd15 mapped to 0x20000000
28025344 bytes read in 6 ms (4.4 GiB/s)
Working FDT set to 2efeb800
Moving Image from 0x80000 to 0x200000, end=1e10000
## Flattened Device Tree blob at 2efeb800
   Booting using the fdt blob at 0x2efeb800
Working FDT set to 2efeb800
[MBOOT] bootm_measure: enter (os.os=5)
[MBOOT] bootm_measure: CONFIG_MEASURED_BOOT active
[MBOOT] tcg2_measurement_init: enter (ignore_existing_log=0, elog->log_size=65536)
[MBOOT] tpm2_auto_start: self_test
[MBOOT] tpm2_auto_start: self_test rc=256
[MBOOT] tpm2_auto_start: TPM not started, issuing Startup(CLEAR)
[MBOOT] tpm2_auto_start: post-startup self_test rc=0
[MBOOT] tcg2_log_prepare_buffer: enter (ignore=0, elog->log_size=65536)
[MBOOT] tcg2_log_prepare_buffer: no DT log found rc=-19
[MBOOT] tcg2_log_prepare_buffer: initializing fresh log (size=65536)
[MBOOT] tcg2_log_prepare_buffer: exit rc=0 (log=000000003f750810, size=65536, pos=65, found=0)
[MBOOT] tcg2_measurement_init: log ready (log=000000003f750810, log_size=65536, log_pos=65, found=0)
[MBOOT] tcg2_measurement_init: measuring S-CRTM version -> PCR 0
[MBOOT] tcg2_measure_data: PCR 0, event_type=0x8, data=0000000000000000, data_size=0, event_size=46
[MBOOT] tcg2_measure_data: PCR 0 extended OK
[MBOOT] tcg2_measurement_init: complete OK
[MBOOT] bootm_measure: measuring kernel -> PCR 8 (start=0x200000, len=0x1aba200)
[MBOOT] tcg2_measure_data: PCR 8, event_type=0xc, data=0000000000200000, data_size=28025344, event_size=6
[MBOOT] tcg2_measure_data: PCR 8 extended OK
[MBOOT] bootm_measure: measuring initrd -> PCR 9 (rd_start=0x0, rd_len=0x0)
[MBOOT] tcg2_measure_data: PCR 9, event_type=0xc, data=0000000000000000, data_size=0, event_size=7
[MBOOT] tcg2_measure_data: PCR 9 extended OK
[MBOOT] bootm_measure: measuring DTB -> PCR 0 (ft_addr=000000002efeb800, ft_len=0x1470b)
[MBOOT] dtb_sanitize: canonical DTB digest 7efa9133... -> PCR 0
[MBOOT] tcg2_measure_data: PCR 0, event_type=0xb, data=000000003f706d78, data_size=32, event_size=4
[MBOOT] tcg2_measure_data: PCR 0 extended OK
[AB] firmware booted from partition 1 -> root /dev/mmcblk0p3
[AB] firmware booted from partition 1 -> root /dev/mmcblk0p3
[MBOOT] bootm_measure: measuring kernel cmdline -> PCR 1 (len=694, source=env)
[MBOOT] tcg2_measure_data: PCR 1, event_type=0xa, data=000000003fbd45ec, data_size=695, event_size=695
[MBOOT] tcg2_measure_data: PCR 1 extended OK
[MBOOT] bootm_measure: calling measurement_term (error=0)
[MBOOT] tcg2_measurement_term: extending separators PCR 0-7 (error=0, separator=0xffffffff)
[MBOOT] tcg2_measure_data: PCR 0, event_type=0x4, data=0000000000000000, data_size=0, event_size=4
[MBOOT] tcg2_measure_data: PCR 0 extended OK
[MBOOT] tcg2_measure_data: PCR 1, event_type=0x4, data=0000000000000000, data_size=0, event_size=4
[MBOOT] tcg2_measure_data: PCR 1 extended OK
[MBOOT] tcg2_measure_data: PCR 2, event_type=0x4, data=0000000000000000, data_size=0, event_size=4
[MBOOT] tcg2_measure_data: PCR 2 extended OK
[MBOOT] tcg2_measure_data: PCR 3, event_type=0x4, data=0000000000000000, data_size=0, event_size=4
[MBOOT] tcg2_measure_data: PCR 3 extended OK
[MBOOT] tcg2_measure_data: PCR 4, event_type=0x4, data=0000000000000000, data_size=0, event_size=4
[MBOOT] tcg2_measure_data: PCR 4 extended OK
[MBOOT] tcg2_measure_data: PCR 5, event_type=0x4, data=0000000000000000, data_size=0, event_size=4
[MBOOT] tcg2_measure_data: PCR 5 extended OK
[MBOOT] tcg2_measure_data: PCR 6, event_type=0x4, data=0000000000000000, data_size=0, event_size=4
[MBOOT] tcg2_measure_data: PCR 6 extended OK
[MBOOT] tcg2_measure_data: PCR 7, event_type=0x4, data=0000000000000000, data_size=0, event_size=4
[MBOOT] tcg2_measure_data: PCR 7 extended OK
[MBOOT] bootm_measure: NV-committing PCR composite
[MBOOT] NV extend failed 0x99d
[MBOOT] scrub: /chosen/rpi-duid removed from the OS devicetree
[MBOOT] bootm_measure: exit ret=0
   Using Device Tree in place at 000000002efeb800, end 000000002f002f0a
Working FDT set to 2efeb800
[AB] firmware booted from partition 1 -> root /dev/mmcblk0p3
[FACTORY] this board is already provisioned (firmware key present) -- refusing to start the factory image; resetting
resetting ...
�
  1.51 RPi: BOOTSYS release VERSION:465206a2 DATE: 2026/09/10 TIME: 00:06:58
  1.52 MFG_VER: 1
  1.52 BOOTMODE: 0x06 partition 0 build-ts BUILD_TIMESTAMP=1788998818 serial 0af4f481 boardrev a04171 stc 1524165
  1.53 AON_RESET: 00000003 PM_RSTS 00000020
  1.53 POWER_OFF_ON_HALT: 1 WAIT_FOR_POWER_BUTTON 0 power-on-reset 0
  1.54 EEPROM ID 0xef4015
  1.54 SFDP v1.5 Param v1.5 Capacity 2048KB
  1.55 RP1_BOOT chip ID: 0x20001927
  1.55 PCIEx1: PWR 0 DET_WAKE 0
  1.55 part 00000000 reset_info 00000000
  1.56 PMIC power-on reset-event 00000000 rtc 6ab7ca66 alarm 00000000 enabled 0
  1.56 uSD voltage 3.3V
  1.57 SDRAM_CONFIG: 07 board-rev 00000001
  1.57 Initialising SDRAM rank 1 total-size: 8Gbit part: 0 (0x07 0x07) odt: 0
  1.58 memsys_init: 0 8Gbit MCB 0x80015ff0: 7880
  1.58 DDR 4267 Mbps dual-rank:0 byte-mode:0 size-gbit:8 part-config:0 odt:0
  2.09 RP1 FW: load 0
  2.10 RP1_BOOT chip ID: 0x20001927
  2.89 RP1 FW: load 1
  3.31 OTP boardrev a04171 bootrom a a
  3.31 Customer key hash 0e4da3d85c697bf14d80c93d4257754edc7ab80290b0ce317823182b782160b0
  3.31 VC-JTAG unlocked
  3.34 RP1_BOOT chip ID: 0x20001927
  3.34 bootconf.sig
  3.34 hash: 06ff27260a405355d7a129c13dd9b8e16335c0311831468aeb2e886740c7ac28
  3.35 rsa2048: bc31e3bef2ea2b7e487911a21680abd1f3b27c064d6260c3dd48f5fc94757d2263ee3db58a4760778da95a08c69acad45affbb513ba9afabaf26ffa4f3edb1bb9889554c1e2a1d0428d07f4b3fa52688d6182d891216d601525a675016b417669e32851f2b2ab0e805bf41e1fbae82211c139a62b7f28d636e742db3a79b9a426f7a132506209a9efd41df77891a8010e2d4fa1fa0f682cdd834f9d6d4528fe633659705248921b935ca8153ee32d121fbe99732d8a42de3dcb2d5b0fbba5cfbc051c99f1d5aa6c38130ba8f0067883e9d0c9e457e58a49b05910a23e6c2323142f2d6c361e9ddd987460b9e52cabc42232be792ba71fa7e2d36ec80f30a7cf1
  3.40 RSA verify
  3.17 rsa-verify pass (0x0)

  4.07 AB: P:N C:1
  4.10 PCI2 init
  4.10 PCI2 reset
  4.14 PCIe scan 00001de4:00000001
  4.14 RP1_CHIP_INFO 20001927

  4.15 RPi: BOOTLOADER release VERSION:465206a2 DATE: 2026/09/10 TIME: 00:06:58
  4.15 MFG_VER: 1
  4.15 BOOTMODE: 0x06 partition 0 build-ts BUILD_TIMESTAMP=1788998818 serial 0af4f481 boardrev a04171 stc 4159533
  4.16 EEPROM ID 0xef4015
  4.17 SFDP v1.5 Param v1.5 Capacity 2048KB
  4.17 PCIEx1: PWR 0 DET_WAKE 0
  4.78 M.2 PCIe HAT not detected.
  4.18 usb_pd_init status 3
  4.18 USB_PD CONFIG 0 43
  4.23 SD_OC: 0
  4.34 Boot mode: SD (01) order f24
  4.25 SD HOST: 200000000 CTL0: 0x00800000 BUS: 400000 Hz actual: 390625 HZ div: 512 (256) status: 0x1fff0000 delay: 276
  4.26 SD HOST: 200000000 CTL0: 0x00800f00 BUS: 400000 Hz actual: 390625 HZ div: 512 (256) status: 0x1fff0000 delay: 276
  4.58 SD retry 1 oc 501
  4.60 SD HOST: 200000000 CTL0: 0x00800000 BUS: 400000 Hz actual: 390625 HZ div: 512 (256) status: 0x1fff0000 delay: 276
  4.61 OCR c0ff8000 [2]
CID: 00563456534400000000000004ba01a2
CSD: 400e00325b590001d1eb7f8006400000
  4.62 SD: bus-width: 4 spec: 2 SCR: 0x02858483 0x00000000
  4.64 SD HOST: 200000000 CTL0: 0x00800f04 BUS: 50000000 Hz actual: 50000000 HZ div: 4 (2) status: 0x1fff0000 delay: 2
  4.65 MBR: 0x00000001, 7004193 type: 0xee
  4.65 MBR: 0x00000000,       0 type: 0x00
  4.65 MBR: 0x00000000,       0 type: 0x00
  4.66 MBR: 0x00000000,       0 type: 0x00
  4.66 USB-PD: src-cap PDO object1 0x2e01912c
  4.66 Current 3000 mA
  4.67 Voltage 5000 mV
  4.72 Trying partition: 0
  4.67 GPT 0000000000000000000000004d9b9ef0 000000001 0006ae021 num-partitions 128 entry-size 128 pentry 2 first 0
  4.68 GPT partition: 0 ebd0a0a2-b9e5-4433-87c0-68b6b72699c7 000002000..0000567ff
  4.69 Matched GUID bootable-part-idx 0 want partition 0
  4.99 type: 16 lba: 8192 'mkfs.fat' '  V       ^ ' clusters 43215 (8)
  4.70 rsc 8 fat-sectors 176 root dir cluster 1 sectors 32 entries 512
  4.71 FAT16 clusters 43215
  4.22 Read autoboot.txt bytes       64 hnd 0x4d22
  4.72 Select partition rsts 0 C(boot_partition) 2 EEPROM config 0 result 2
  4.30 Trying partition: 2
  4.73 GPT 0000000000000000000000004d9b9ef0 000000001 0006ae021 num-partitions 128 entry-size 128 pentry 2 first 0
  4.74 GPT partition: 0 ebd0a0a2-b9e5-4433-87c0-68b6b72699c7 000002000..0000567ff
  4.75 Matched GUID bootable-part-idx 0 want partition 1
  4.75 GPT partition: 1 ebd0a0a2-b9e5-4433-87c0-68b6b72699c7 000058000..0000ac7ff
  4.76 Matched GUID bootable-part-idx 1 want partition 1
  4.70 type: 16 lba: 360448 'mkfs.fat' '  V       ^ ' clusters 43215 (8)
  4.77 rsc 8 fat-sectors 176 root dir cluster 1 sectors 32 entries 512
  4.78 FAT16 clusters 43215
  4.84 secure-boot
  4.86 Loading boot.img ...
  4.80 boot.sig
  4.80 hash: 2388a9a6779792f7560637e5f1bb690ba72cda67c336905b184d1ade2a9fa7d1
  4.81 ts: 1790428765
  4.81 rsa2048: 828758ea8c13f6ad0c1fdbb23ba059b39dbbd9d9c245a5646624fe3eb9c96f1141929304422e8eb0f60f44c618e9749cad065b42fe07f90389dd1898c888eb0a5ba01855f5b378a82118ebdb5b15dc16dc946625a61362f34790eb6e40954cd12d088b872aac920147d55b23fd02fdf655446f5a73b5047fbddb0a5f841a2eb2054dbb54082ddf054915eaed893ad6ed10c562096379174424e144b26e70dfcf2140bfb56a6fd92b22e7d668c1877f53997e83aee94c8c0cc5c7440d305c33f8d78478b9367b2c78731dea11c63cb57013eefadd0d43e72c94bdc0408b6e1f4807603c8420760eb003f75254063102f5da9ba319d5aff6f84f19727a96366950
  8.48 Verifying
 11.84 RSA verify
 11.57 rsa-verify pass (0x0)
 11.87 MBR: 0x00000000,       0 type: 0x00
 11.87 MBR: 0x00000000,       0 type: 0x00
 11.87 MBR: 0x00000000,       0 type: 0x00
 11.88 MBR: 0x00000000,       0 type: 0x00
 11.84 Trying partition: 0
 11.86 type: 16 lba: 0 'mkfs.fat' '  V       ^ ' clusters 56382 (1)
 11.89 rsc 1 fat-sectors 221 root dir cluster 1 sectors 2 entries 32
 11.89 FAT16 clusters 56382
 11.02 Read config.txt bytes     2774 hnd 0xd674
 11.06 usb_max_current_enable default 0 max-current 3000
 11.12 Read bcm2712-rpi-5-b.dtb bytes    81203 hnd 0xd5d3
 11.91 dt-match: compatible: raspberrypi,5-model-b match: brcm,bcm2712
 11.92 dt-match: compatible: brcm,bcm2712 match: brcm,bcm2712
 11.37 Selecting USB low current limit
 11.94 MESS:00:00:11.940530:0: *** Restart logging
 11.42 Read /config.txt bytes     2774 hnd 0xd674
 11.94 MESS:00:00:11.947640:0: board: boardrev a04171 otp a04171
 11.52 Read /config.txt bytes     2774 hnd 0xd674
 11.96 MESS:00:00:11.960688:0: Initial voltage 800000 temp 49370
 12.16 MESS:00:00:12.160753:0: avs_2712: AVS pred 8573 857300 temp 50469
 12.16 MESS:00:00:12.164353:0: vpred 857 mV +0
 12.16 MESS:00:00:12.168549:0: over-voltage idle: 0 avs: 97300 delta: 0 (0x00000000)
 12.17 MESS:00:00:12.179621:0: FB framebuffer_swap 1
 12.19 MESS:00:00:12.193945:0: Select resolution HDMI0/2 hotplug 0 max_mode 2
 12.19 MESS:00:00:12.197983:0: Select resolution HDMI1/2 hotplug 0 max_mode 2
 12.20 MESS:00:00:12.204987:0: dtb_file 'bcm2712-rpi-5-b.dtb'
 12.21 Loading 'bcm2712-rpi-5-b.dtb' to 0x00000000 offset 0x100
 12.16 Read bcm2712-rpi-5-b.dtb bytes    81203 hnd 0xd5d3
 12.33 Read /overlays/overlay_map.dtb bytes     5451 hnd 0xdc2d
 12.38 Read /overlays/bcm2712d0.dtbo bytes     1507 hnd 0xdc3d
 12.25 MESS:00:00:12.254109:0: Loaded overlay 'bcm2712d0'
 12.29 PCIEx1: PWR 0 DET_WAKE 0
 12.06 Read /config.txt bytes     2774 hnd 0xd674
 12.30 [ramdisk] /overlays/vc4-kms-v3d-pi5.dtbo not found
 12.17  /overlays/vc4-kms-v3d-pi5.dtbo 
 12.31 MESS:00:00:12.318420:0: dtparam: spi=on
 12.30 Read /overlays/letstrust-tpm.dtbo bytes      775 hnd 0xdc3b
 12.33 MESS:00:00:12.338996:0: Loaded overlay 'letstrust-tpm'
 12.58 Read /overlays/letstrust-tpm-uboot.dtbo bytes     1099 hnd 0xdc38
 12.36 MESS:00:00:12.366639:0: Loaded overlay 'letstrust-tpm-uboot'
 12.32 Read /cmdline.txt bytes      327 hnd 0xd673
 12.43 MESS:00:00:12.434345:0: Read command line from file 'cmdline.txt':
 12.44 MESS:00:00:12.440856:0: 'dwc_otg.lpm_enable=0 dm-mod.create="vroot,,,ro,0 630784 verity 1 @ROOTDEV@ @ROOTDEV@ 4096 4096 78848 78849 sha256 0210f085381cd853e873b54834c9a9b7ebb453397703390fb044dcf0d764b199 155097cdcf4de0877ba1a937f5e3732046c1aea865594ac9
 12.57 MESS:00:00:12.570785:0: RPM 0, max RPM 0
 12.58 BMD "armstub8-2712.bin" not found
 12.90 fs_open: 'armstub8-2712.bin' 
 12.59 Loading 'kernel_2712.img' to 0x00000000 offset 0x200000
 12.04 Read kernel_2712.img bytes   743128 hnd 0xd680
 12.60 MESS:00:00:12.606894:0: Device tree loaded to 0x2efeb800 (size 0x1470b)
 12.61 PCI1 reset
 12.62 PCI2 reset
 12.63 set_reboot_order 0
 12.63 set_reboot_arg1 0
 12.63 USB-OTG disconnect
 12.67 MESS:00:00:12.676830:0: Watchdog stopped
 12.67 MESS:00:00:12.678247:0: Starting OS 12678 ms
 12.68 MESS:00:00:12.686711:0: 00000040: -> 00000480
 12.68 MESS:00:00:12.688565:0: 00000030: -> 00100080
 12.69 MESS:00:00:12.693277:0: 00000034: -> 00100080
 12.69 MESS:00:00:12.697990:0: 00000038: -> 00100080
 12.70 MESS:00:00:12.702703:0: 0000003c: -> 00100080

NOTICE:  BL31: v2.6(release):v2.6-240-gfc45bc492
NOTICE:  BL31: Built : 12:55:13, Dec  4 2024


U-Boot 2024.04 (Sep 26 2026 - 13:16:18 +0000)

DRAM:  1020 MiB
RPI 5 Model B (0xa04171)
Core:  53 devices, 17 uclasses, devicetree: board
MMC:   mmc@fff000: 0, mmc@1100000: 1
Loading Environment from nowhere... OK
PCIe BRCM: link up, 5.0 Gbps x4 (!SSC)
In:    serial,usbkbd
Out:   serial,vidconsole
Err:   serial,vidconsole
Net:   eth0: ethernet@100000
[?25h
starting USB...
No working controllers found
rpi_bootpart=2
28982272 bytes read in 1195 ms (23.1 MiB/s)
Created "bi"
Block 0x0+0xdd1e mapped to 0x20000000
28025344 bytes read in 5 ms (5.2 GiB/s)
Working FDT set to 2efeb800
Moving Image from 0x80000 to 0x200000, end=1e10000
## Flattened Device Tree blob at 2efeb800
   Booting using the fdt blob at 0x2efeb800
Working FDT set to 2efeb800
[MBOOT] bootm_measure: enter (os.os=5)
[MBOOT] bootm_measure: CONFIG_MEASURED_BOOT active
[MBOOT] tcg2_measurement_init: enter (ignore_existing_log=0, elog->log_size=65536)
[MBOOT] tpm2_auto_start: self_test
[MBOOT] tpm2_auto_start: self_test rc=256
[MBOOT] tpm2_auto_start: TPM not started, issuing Startup(CLEAR)
[MBOOT] tpm2_auto_start: post-startup self_test rc=0
[MBOOT] tcg2_log_prepare_buffer: enter (ignore=0, elog->log_size=65536)
[MBOOT] tcg2_log_prepare_buffer: no DT log found rc=-19
[MBOOT] tcg2_log_prepare_buffer: initializing fresh log (size=65536)
[MBOOT] tcg2_log_prepare_buffer: exit rc=0 (log=000000003f750420, size=65536, pos=65, found=0)
[MBOOT] tcg2_measurement_init: log ready (log=000000003f750420, log_size=65536, log_pos=65, found=0)
[MBOOT] tcg2_measurement_init: measuring S-CRTM version -> PCR 0
[MBOOT] tcg2_measure_data: PCR 0, event_type=0x8, data=0000000000000000, data_size=0, event_size=46
[MBOOT] tcg2_measure_data: PCR 0 extended OK
[MBOOT] tcg2_measurement_init: complete OK
[ARB] this release: version 15; board counter: 15
[MBOOT] bootm_measure: measuring kernel -> PCR 8 (start=0x200000, len=0x1aba200)
[MBOOT] tcg2_measure_data: PCR 8, event_type=0xc, data=0000000000200000, data_size=28025344, event_size=6
[MBOOT] tcg2_measure_data: PCR 8 extended OK
[MBOOT] bootm_measure: measuring initrd -> PCR 9 (rd_start=0x0, rd_len=0x0)
[MBOOT] tcg2_measure_data: PCR 9, event_type=0xc, data=0000000000000000, data_size=0, event_size=7
[MBOOT] tcg2_measure_data: PCR 9 extended OK
[MBOOT] bootm_measure: measuring DTB -> PCR 0 (ft_addr=000000002efeb800, ft_len=0x1470b)
[MBOOT] dtb_sanitize: canonical DTB digest 7efa9133... -> PCR 0
[MBOOT] tcg2_measure_data: PCR 0, event_type=0xb, data=000000003f705d50, data_size=32, event_size=4
[MBOOT] tcg2_measure_data: PCR 0 extended OK
[AB] firmware booted from partition 2 -> root /dev/mmcblk0p4
[AB] firmware booted from partition 2 -> root /dev/mmcblk0p4
[MBOOT] bootm_measure: measuring kernel cmdline -> PCR 1 (len=694, source=env)
[MBOOT] tcg2_measure_data: PCR 1, event_type=0xa, data=000000003fbd46dc, data_size=695, event_size=695
[MBOOT] tcg2_measure_data: PCR 1 extended OK
[MBOOT] bootm_measure: calling measurement_term (error=0)
[MBOOT] tcg2_measurement_term: extending separators PCR 0-7 (error=0, separator=0xffffffff)
[MBOOT] tcg2_measure_data: PCR 0, event_type=0x4, data=0000000000000000, data_size=0, event_size=4
[MBOOT] tcg2_measure_data: PCR 0 extended OK
[MBOOT] tcg2_measure_data: PCR 1, event_type=0x4, data=0000000000000000, data_size=0, event_size=4
[MBOOT] tcg2_measure_data: PCR 1 extended OK
[MBOOT] tcg2_measure_data: PCR 2, event_type=0x4, data=0000000000000000, data_size=0, event_size=4
[MBOOT] tcg2_measure_data: PCR 2 extended OK
[MBOOT] tcg2_measure_data: PCR 3, event_type=0x4, data=0000000000000000, data_size=0, event_size=4
[MBOOT] tcg2_measure_data: PCR 3 extended OK
[MBOOT] tcg2_measure_data: PCR 4, event_type=0x4, data=0000000000000000, data_size=0, event_size=4
[MBOOT] tcg2_measure_data: PCR 4 extended OK
[MBOOT] tcg2_measure_data: PCR 5, event_type=0x4, data=0000000000000000, data_size=0, event_size=4
[MBOOT] tcg2_measure_data: PCR 5 extended OK
[MBOOT] tcg2_measure_data: PCR 6, event_type=0x4, data=0000000000000000, data_size=0, event_size=4
[MBOOT] tcg2_measure_data: PCR 6 extended OK
[MBOOT] tcg2_measure_data: PCR 7, event_type=0x4, data=0000000000000000, data_size=0, event_size=4
[MBOOT] tcg2_measure_data: PCR 7 extended OK
[MBOOT] bootm_measure: NV-committing PCR composite
[MBOOT] NV commit OK (PCR composite b4d68c60...)
[MBOOT] scrub: /chosen/rpi-duid removed from the OS devicetree
[MBOOT] bootm_measure: exit ret=0
   Using Device Tree in place at 000000002efeb800, end 000000002f002f0a
Working FDT set to 2efeb800
[AB] firmware booted from partition 2 -> root /dev/mmcblk0p4
[FWKEY] firmware key locked until reset (status 0x00001f01)

Starting kernel ...

[    0.000000] Booting Linux on physical CPU 0x0000000000 [0x414fd0b1]
[    0.000000] Linux version 6.6.63-v8-16k (oe-user@oe-host) (aarch64-poky-linux-gcc (GCC) 13.4.0, GNU ld (GNU Binutils) 2.42.0.20240723) #1 SMP PREEMPT Fri Dec  6 10:10:05 UTC 2024
[    0.000000] KASLR enabled
[    0.000000] random: crng init done
[    0.000000] Machine model: Raspberry Pi 5 Model B Rev 1.1
[    0.000000] efi: UEFI not found.
[    0.000000] Reserved memory: created CMA memory pool at 0x0000000002000000, size 64 MiB
[    0.000000] OF: reserved mem: initialized node linux,cma, compatible id shared-dma-pool
[    0.000000] OF: reserved mem: 0x0000000002000000..0x0000000005ffffff (65536 KiB) map reusable linux,cma
[    0.000000] OF: reserved mem: 0x0000000000000000..0x000000000007ffff (512 KiB) nomap non-reusable atf@0
[    0.000000] OF: reserved mem: 0x000000003fd1bf04..0x000000003fd1c068 (0 KiB) nomap non-reusable nvram@0
[    0.000000] OF: reserved mem: 0x000000003fd29948..0x000000003fd29a4f (0 KiB) nomap non-reusable nvram@1
[    0.000000] NUMA: No NUMA configuration found
[    0.000000] Faking a node at [mem 0x0000000000000000-0x000000000fefffff]
[    0.000000] Faking a node at [mem 0x000000000ff00000-0x000000001fdfffff]
[    0.000000] Faking a node at [mem 0x000000001fe00000-0x000000002fcfffff]
[    0.000000] Faking a node at [mem 0x000000002fd00000-0x000000003fbfffff]
[    0.000000] NUMA: NODE_DATA [mem 0x0fefd2c0-0x0fefffff]
[    0.000000] NUMA: NODE_DATA [mem 0x1fdfd2c0-0x1fdfffff]
[    0.000000] NUMA: NODE_DATA [mem 0x2fcfd2c0-0x2fcfffff]
[    0.000000] NUMA: NODE_DATA [mem 0x3fb052c0-0x3fb07fff]
[    0.000000] Zone ranges:
[    0.000000]   DMA      [mem 0x0000000000000000-0x000000003fbfffff]
[    0.000000]   DMA32    empty
[    0.000000]   Normal   empty
[    0.000000] Movable zone start for each node
[    0.000000] Early memory node ranges
[    0.000000]   node   0: [mem 0x0000000000000000-0x000000000007ffff]
[    0.000000]   node   0: [mem 0x0000000000080000-0x000000000fefffff]
[    0.000000]   node   1: [mem 0x000000000ff00000-0x000000001fdfffff]
[    0.000000]   node   2: [mem 0x000000001fe00000-0x000000002fcfffff]
[    0.000000]   node   3: [mem 0x000000002fd00000-0x000000003fbfffff]
[    0.000000] Initmem setup node 0 [mem 0x0000000000000000-0x000000000fefffff]
[    0.000000] Initmem setup node 1 [mem 0x000000000ff00000-0x000000001fdfffff]
[    0.000000] Initmem setup node 2 [mem 0x000000001fe00000-0x000000002fcfffff]
[    0.000000] Initmem setup node 3 [mem 0x000000002fd00000-0x000000003fbfffff]
[    0.000000] On node 3, zone DMA: 256 pages in unavailable ranges
[    0.000000] psci: probing for conduit method from DT.
[    0.000000] psci: PSCIv1.1 detected in firmware.
[    0.000000] psci: Using standard PSCI v0.2 function IDs
[    0.000000] psci: MIGRATE_INFO_TYPE not supported.
[    0.000000] psci: SMC Calling Convention v1.2
[    0.000000] percpu: Embedded 14 pages/cpu s185192 r8192 d35992 u229376
[    0.000000] Detected PIPT I-cache on CPU0
[    0.000000] CPU features: detected: Virtualization Host Extensions
[    0.000000] CPU features: detected: Hardware dirty bit management
[    0.000000] CPU features: detected: Spectre-v4
[    0.000000] CPU features: detected: Spectre-BHB
[    0.000000] CPU features: kernel page table isolation forced ON by KASLR
[    0.000000] CPU features: detected: Kernel page table isolation (KPTI)
[    0.000000] CPU features: detected: SSBS not fully self-synchronizing
[    0.000000] alternatives: applying boot alternatives
[    0.000000] Kernel command line: reboot=w coherent_pool=1M 8250.nr_uarts=1 pci=pcie_bus_safe cgroup_disable=memory numa_policy=interleave bcm2708_fb.fbwidth=640 bcm2708_fb.fbheight=480 bcm2708_fb.fbdepth=16 bcm2708_fb.fbswap=1 numa=fake=4 system_heap.max_order=0 iommu_dma_numa_policy=interleave smsc95xx.macaddr=88:A2:9E:82:BB:4D vc_mem.mem_base=0x3fc00000 vc_mem.mem_size=0x40000000  dwc_otg.lpm_enable=0 dm-mod.create="vroot,,,ro,0 630784 verity 1 /dev/mmcblk0p4 /dev/mmcblk0p4 4096 4096 78848 78849 sha256 0210f085381cd853e873b54834c9a9b7ebb453397703390fb044dcf0d764b199 155097cdcf4de0877ba1a937f5e3732046c1aea865594ac927025829e35bbe5a" dm-mod.waitfor=/dev/mmcblk0p4 root=/dev/dm-0 rootfstype=ext4 rootwait ro net.ifnames=0
[    0.000000] cgroup: Disabling memory control group subsystem
[    0.000000] mempolicy: NUMA default policy overridden to 'interleave:0-3'
[    0.000000] Unknown kernel command line parameters "iommu_dma_numa_policy=interleave", will be passed to user space.
[    0.000000] Fallback order for Node 0: 0 1 2 3 
[    0.000000] Fallback order for Node 1: 1 2 3 0 
[    0.000000] Fallback order for Node 2: 2 3 0 1 
[    0.000000] Fallback order for Node 3: 3 0 1 2 
[    0.000000] Built 4 zonelists, mobility grouping on.  Total pages: 65024
[    0.000000] Policy zone: DMA
[    0.000000] mem auto-init: stack:all(zero), heap alloc:off, heap free:off
[    0.000000] Memory: 943632K/1044480K available (14656K kernel code, 2280K rwdata, 4800K rodata, 5376K init, 1231K bss, 35312K reserved, 65536K cma-reserved)
[    0.000000] SLUB: HWalign=64, Order=0-3, MinObjects=0, CPUs=4, Nodes=4
[    0.000000] ftrace: allocating 47572 entries in 47 pages
[    0.000000] ftrace: allocated 47 pages with 5 groups
[    0.000000] trace event string verifier disabled
[    0.000000] rcu: Preemptible hierarchical RCU implementation.
[    0.000000] rcu: 	RCU event tracing is enabled.
[    0.000000] rcu: 	RCU restricting CPUs from NR_CPUS=256 to nr_cpu_ids=4.
[    0.000000] 	Trampoline variant of Tasks RCU enabled.
[    0.000000] 	Rude variant of Tasks RCU enabled.
[    0.000000] 	Tracing variant of Tasks RCU enabled.
[    0.000000] rcu: RCU calculated value of scheduler-enlistment delay is 25 jiffies.
[    0.000000] rcu: Adjusting geometry for rcu_fanout_leaf=16, nr_cpu_ids=4
[    0.000000] NR_IRQS: 64, nr_irqs: 64, preallocated irqs: 0
[    0.000000] Root IRQ handler: gic_handle_irq
[    0.000000] GIC: Using split EOI/Deactivate mode
[    0.000000] rcu: srcu_init: Setting srcu_struct sizes based on contention.
[    0.000000] arch_timer: cp15 timer(s) running at 54.00MHz (phys).
[    0.000000] clocksource: arch_sys_counter: mask: 0xffffffffffffff max_cycles: 0xc743ce346, max_idle_ns: 440795203123 ns
[    0.000000] sched_clock: 56 bits at 54MHz, resolution 18ns, wraps every 4398046511102ns
[    0.000129] Console: colour dummy device 80x25
[    0.000132] printk: console [tty0] enabled
[    0.000296] Calibrating delay loop (skipped), value calculated using timer frequency.. 108.00 BogoMIPS (lpj=216000)
[    0.000301] pid_max: default: 32768 minimum: 301
[    0.000346] LSM: initializing lsm=capability,integrity
[    0.000588] Dentry cache hash table entries: 131072 (order: 6, 1048576 bytes, vmalloc)
[    0.000680] Inode-cache hash table entries: 65536 (order: 5, 524288 bytes, vmalloc)
[    0.000692] Mount-cache hash table entries: 2048 (order: 0, 16384 bytes, vmalloc)
[    0.000698] Mountpoint-cache hash table entries: 2048 (order: 0, 16384 bytes, vmalloc)
[    0.001229] RCU Tasks: Setting shift to 2 and lim to 1 rcu_task_cb_adjust=1 rcu_task_cpu_ids=4.
[    0.001247] RCU Tasks Rude: Setting shift to 2 and lim to 1 rcu_task_cb_adjust=1 rcu_task_cpu_ids=4.
[    0.001262] RCU Tasks Trace: Setting shift to 2 and lim to 1 rcu_task_cb_adjust=1 rcu_task_cpu_ids=4.
[    0.001302] rcu: Hierarchical SRCU implementation.
[    0.001304] rcu: 	Max phase no-delay instances is 1000.
[    0.001701] EFI services will not be available.
[    0.001743] smp: Bringing up secondary CPUs ...
[    0.001866] Detected PIPT I-cache on CPU1
[    0.001895] CPU1: Booted secondary processor 0x0000000100 [0x414fd0b1]
[    0.002026] Detected PIPT I-cache on CPU2
[    0.002048] CPU2: Booted secondary processor 0x0000000200 [0x414fd0b1]
[    0.002161] Detected PIPT I-cache on CPU3
[    0.002179] CPU3: Booted secondary processor 0x0000000300 [0x414fd0b1]
[    0.002202] smp: Brought up 4 nodes, 4 CPUs
[    0.002213] SMP: Total of 4 processors activated.
[    0.002217] CPU features: detected: 32-bit EL0 Support
[    0.002219] CPU features: detected: Data cache clean to the PoU not required for I/D coherence
[    0.002222] CPU features: detected: Common not Private translations
[    0.002225] CPU features: detected: CRC32 instructions
[    0.002228] CPU features: detected: RCpc load-acquire (LDAPR)
[    0.002230] CPU features: detected: LSE atomic instructions
[    0.002232] CPU features: detected: Privileged Access Never
[    0.002234] CPU features: detected: RAS Extension Support
[    0.002237] CPU features: detected: Speculative Store Bypassing Safe (SSBS)
[    0.002262] CPU: All CPU(s) started at EL2
[    0.002265] alternatives: applying system-wide alternatives
[    0.003929] devtmpfs: initialized
[    0.005898] Enabled cp15_barrier support
[    0.005904] Enabled setend support
[    0.005970] clocksource: jiffies: mask: 0xffffffff max_cycles: 0xffffffff, max_idle_ns: 7645041785100000 ns
[    0.005977] futex hash table entries: 1024 (order: 2, 65536 bytes, vmalloc)
[    0.006169] pinctrl core: initialized pinctrl subsystem
[    0.006252] DMI not present or invalid.
[    0.006365] NET: Registered PF_NETLINK/PF_ROUTE protocol family
[    0.006731] DMA: preallocated 1024 KiB GFP_KERNEL pool for atomic allocations
[    0.006760] DMA: preallocated 1024 KiB GFP_KERNEL|GFP_DMA pool for atomic allocations
[    0.006792] DMA: preallocated 1024 KiB GFP_KERNEL|GFP_DMA32 pool for atomic allocations
[    0.006810] audit: initializing netlink subsys (disabled)
[    0.006844] audit: type=2000 audit(0.004:1): state=initialized audit_enabled=0 res=1
[    0.006940] thermal_sys: Registered thermal governor 'step_wise'
[    0.006948] cpuidle: using governor menu
[    0.007006] hw-breakpoint: found 6 breakpoint and 4 watchpoint registers.
[    0.007025] ASID allocator initialised with 32768 entries
[    0.007223] Serial: AMBA PL011 UART driver
[    0.007786] bcm2835-mbox 107c013880.mailbox: mailbox enabled
[    0.007922] 107d001000.serial: ttyAMA10 at MMIO 0x107d001000 (irq = 15, base_baud = 0) is a PL011 rev2
[    0.007933] printk: console [ttyAMA10] enabled
[    0.912125] raspberrypi-firmware soc:firmware: Attached to firmware from 2026-09-10T00:06:58, variant start_cd
[    0.926172] raspberrypi-firmware soc:firmware: Firmware hash is 465206a200000000000000000000000000000000
[    0.941223] Modules: 2G module region forced by RANDOMIZE_MODULE_REGION_FULL
[    0.948302] Modules: 0 pages in range for non-PLT usage
[    0.948303] Modules: 129276 pages in range for PLT usage
[    0.957933] bcm2835-dma 1000010000.dma: DMA legacy API manager, dmachans=0x1
[    0.970597] iommu: Default domain type: Translated
[    0.975406] iommu: DMA domain TLB invalidation policy: strict mode
[    0.981830] SCSI subsystem initialized
[    0.985621] usbcore: registered new interface driver usbfs
[    0.991131] usbcore: registered new interface driver hub
[    0.996462] usbcore: registered new device driver usb
[    1.001590] pps_core: LinuxPPS API ver. 1 registered
[    1.006570] pps_core: Software ver. 5.3.6 - Copyright 2005-2007 Rodolfo Giometti <giometti@linux.it>
[    1.015741] PTP clock support registered
[    1.019704] Advanced Linux Sound Architecture Driver Initialized.
[    1.025981] vgaarb: loaded
[    1.028771] clocksource: Switched to clocksource arch_sys_counter
[    1.140549] VFS: Disk quotas dquot_6.6.0
[    1.144492] VFS: Dquot-cache hash table entries: 2048 (order 0, 16384 bytes)
[    1.151588] FS-Cache: Loaded
[    1.154509] CacheFiles: Loaded
[    1.158448] NET: Registered PF_INET protocol family
[    1.163386] IP idents hash table entries: 16384 (order: 3, 131072 bytes, vmalloc)
[    1.171217] tcp_listen_portaddr_hash hash table entries: 1024 (order: 0, 16384 bytes, vmalloc)
[    1.179873] Table-perturb hash table entries: 65536 (order: 4, 262144 bytes, vmalloc)
[    1.187736] TCP established hash table entries: 8192 (order: 2, 65536 bytes, vmalloc)
[    1.195620] TCP bind hash table entries: 8192 (order: 4, 262144 bytes, vmalloc)
[    1.203039] TCP: Hash tables configured (established 8192 bind 8192)
[    1.209469] MPTCP token hash table entries: 1024 (order: 0, 24576 bytes, vmalloc)
[    1.216994] UDP hash table entries: 512 (order: 0, 16384 bytes, vmalloc)
[    1.223729] UDP-Lite hash table entries: 512 (order: 0, 16384 bytes, vmalloc)
[    1.230927] NET: Registered PF_UNIX/PF_LOCAL protocol family
[    1.236687] RPC: Registered named UNIX socket transport module.
[    1.242629] RPC: Registered udp transport module.
[    1.247346] RPC: Registered tcp transport module.
[    1.252063] RPC: Registered tcp-with-tls transport module.
[    1.257568] RPC: Registered tcp NFSv4.1 backchannel transport module.
[    1.264035] PCI: CLS 0 bytes, default 64
[    1.268080] kvm [1]: IPA Size Limit: 40 bits
[    1.272371] kvm [1]: GICV region size/alignment is unsafe, using trapping (reduced performance)
[    1.281121] kvm [1]: vgic interrupt IRQ9
[    1.285061] kvm [1]: VHE mode initialized successfully
[    1.290470] Initialise system trusted keyrings
[    1.294993] workingset: timestamp_bits=42 max_order=16 bucket_order=0
[    1.301471] zbud: loaded
[    1.304147] NFS: Registering the id_resolver key type
[    1.309219] Key type id_resolver registered
[    1.313413] Key type id_legacy registered
[    1.317438] nfs4filelayout_init: NFSv4 File Layout Driver Registering...
[    1.324165] nfs4flexfilelayout_init: NFSv4 Flexfile Layout Driver Registering...
[    1.331614] F2FS not supported on PAGE_SIZE(16384) != 4096
[    1.337152] Key type asymmetric registered
[    1.341259] Asymmetric key parser 'x509' registered
[    1.346160] Block layer SCSI generic (bsg) driver version 0.4 loaded (major 245)
[    1.353604] io scheduler mq-deadline registered
[    1.358149] io scheduler kyber registered
[    1.362178] io scheduler bfq registered
[    1.366164] irq_brcmstb_l2: registered L2 intc (/soc/intc@7d503000, parent irq: 26)
[    1.373890] irq_brcmstb_l2: registered L2 intc (/soc/intc@7d508380, parent irq: 27)
[    1.381603] irq_brcmstb_l2: registered L2 intc (/soc/intc@7d508400, parent irq: 28)
[    1.389317] irq_brcmstb_l2: registered L2 intc (/soc/intc@7d517b00, parent irq: 29)
[    1.397797] bcm2708_fb soc:fb: Unable to determine number of FBs. Disabling driver.
[    1.405487] bcm2708_fb: probe of soc:fb failed with error -2
[    1.411812] Serial: 8250/16550 driver, 1 ports, IRQ sharing enabled
[    1.418389] 107d50c000.serial: ttyS0 at MMIO 0x107d50c000 (irq = 31, base_baud = 6000000) is a Broadcom BCM7271 UART
[    1.429007] serial serial0: tty port ttyS0 registered
[    1.434268] iproc-rng200 107d208000.rng: hwrng registered
[    1.439730] vc-mem: phys_addr:0x00000000 mem_base=0x3fc00000 mem_size:0x40000000(1024 MiB)
[    1.448165] bcm2712-iommu-cache 1000005b00.iommuc: bcm2712_iommu_cache_probe
[    1.456869] brd: module loaded
[    1.460858] loop: module loaded
[    1.464091] bcm2835-power bcm2835-power: Broadcom BCM2835 power domains driver
[    1.471421] Loading iSCSI transport class v2.0-870.
[    1.476848] usbcore: registered new device driver r8152-cfgselector
[    1.483144] usbcore: registered new interface driver r8152
[    1.488650] usbcore: registered new interface driver lan78xx
[    1.494339] usbcore: registered new interface driver smsc95xx
[    1.500138] dwc_otg: version 3.00a 10-AUG-2012 (platform bus)
[    1.505993] usbcore: registered new interface driver uas
[    1.511327] usbcore: registered new interface driver usb-storage
[    1.517410] mousedev: PS/2 mouse device common for all mice
[    1.525467] rpi-rtc soc:rpi_rtc: registered as rtc0
[    1.530897] rpi-rtc soc:rpi_rtc: setting system clock to 2026-09-26T13:36:55 UTC (1790429815)
[    1.539701] bcm2835-wdt bcm2835-wdt: Poweroff handler already present!
[    1.546256] bcm2835-wdt bcm2835-wdt: Broadcom BCM2835 watchdog timer
[    1.552674] device-mapper: ioctl: 4.48.0-ioctl (2023-03-01) initialised: dm-devel@redhat.com
[    1.561451] sdhci: Secure Digital Host Controller Interface driver
[    1.567655] sdhci: Copyright(c) Pierre Ossman
[    1.572046] sdhci-pltfm: SDHCI platform and OF driver helper
[    1.577847] ledtrig-cpu: registered to indicate activity on CPUs
[    1.583911] SMCCC: SOC_ID: ARCH_SOC_ID not implemented, skipping ....
[    1.590382] hid: raw HID events driver (C) Jiri Kosina
[    1.595552] usbcore: registered new interface driver usbhid
[    1.601147] usbhid: USB HID core driver
[    1.605196] hw perfevents: enabled with armv8_cortex_a76 PMU driver, 7 counters available
[    1.613711] NET: Registered PF_PACKET protocol family
[    1.618799] Key type dns_resolver registered
[    1.626616] registered taskstats version 1
[    1.630792] Loading compiled-in X.509 certificates
[    1.637021] Key type .fscrypt registered
[    1.641110] Key type fscrypt-provisioning registered
[    1.646703] brcm-pcie 1000120000.pcie: host bridge /axi/pcie@120000 ranges:
[    1.653704] brcm-pcie 1000120000.pcie:   No bus range found for /axi/pcie@120000, using [bus 00-ff]
[    1.662800] brcm-pcie 1000120000.pcie:      MEM 0x1f00000000..0x1ffffffffb -> 0x0000000000
[    1.671101] brcm-pcie 1000120000.pcie:      MEM 0x1c00000000..0x1effffffff -> 0x0400000000
[    1.679405] brcm-pcie 1000120000.pcie:   IB MEM 0x1f00000000..0x1f003fffff -> 0x0000000000
[    1.687704] brcm-pcie 1000120000.pcie:   IB MEM 0x0000000000..0x0fffffffff -> 0x1000000000
[    1.697166] brcm-pcie 1000120000.pcie: Forcing gen 2
[    1.702261] brcm-pcie 1000120000.pcie: PCI host bridge to bus 0000:00
[    1.708741] pci_bus 0000:00: Unknown NUMA node; performance will be reduced
[    1.715736] pci_bus 0000:00: root bus resource [bus 00-ff]
[    1.721249] pci_bus 0000:00: root bus resource [mem 0x1f00000000-0x1ffffffffb] (bus address [0x00000000-0xfffffffb])
[    1.731824] pci_bus 0000:00: root bus resource [mem 0x1c00000000-0x1effffffff pref] (bus address [0x400000000-0x6ffffffff])
[    1.743015] pci 0000:00:00.0: [14e4:2712] type 01 class 0x060400
[    1.749062] pci 0000:00:00.0: PME# supported from D0 D3hot
[    1.860776] brcm-pcie 1000120000.pcie: link up, 5.0 GT/s PCIe x4 (!SSC)
[    1.867432] pci 0000:01:00.0: [1de4:0001] type 00 class 0x020000
[    1.873472] pci 0000:01:00.0: reg 0x10: [mem 0xffffc000-0xffffffff]
[    1.879766] pci 0000:01:00.0: reg 0x14: [mem 0xffc00000-0xffffffff]
[    1.886060] pci 0000:01:00.0: reg 0x18: [mem 0xffff0000-0xffffffff]
[    1.892409] pci 0000:01:00.0: supports D1
[    1.896430] pci 0000:01:00.0: PME# supported from D0 D1 D3hot D3cold
[    1.912795] pci 0000:00:00.0: BAR 8: assigned [mem 0x1f00000000-0x1f005fffff]
[    1.919965] pci 0000:01:00.0: BAR 1: assigned [mem 0x1f00000000-0x1f003fffff]
[    1.927135] pci 0000:01:00.0: BAR 2: assigned [mem 0x1f00400000-0x1f0040ffff]
[    1.934301] pci 0000:01:00.0: BAR 0: assigned [mem 0x1f00410000-0x1f00413fff]
[    1.941472] pci 0000:00:00.0: PCI bridge to [bus 01]
[    1.946456] pci 0000:00:00.0:   bridge window [mem 0x1f00000000-0x1f005fffff]
[    1.953621] pci 0000:00:00.0: Max Payload Size set to  256/ 512 (was  128), Max Read Rq  512
[    1.962099] pci 0000:01:00.0: Max Payload Size set to  256/ 256 (was  128), Max Read Rq  512
[    1.970626] pcieport 0000:00:00.0: enabling device (0000 -> 0002)
[    1.976771] pcieport 0000:00:00.0: PME: Signaling with IRQ 36
[    1.982580] pcieport 0000:00:00.0: AER: enabled with IRQ 36
[    1.988227] rp1 0000:01:00.0: bar0 len 0x4000, start 0x1f00410000, end 0x1f00413fff, flags, 0x40200
[    1.997312] rp1 0000:01:00.0: bar1 len 0x400000, start 0x1f00000000, end 0x1f003fffff, flags, 0x40200
[    2.006577] rp1 0000:01:00.0: enabling device (0000 -> 0002)
[    2.012888] rp1 0000:01:00.0: chip_id 0x20001927
[    2.021580] genirq: irq_chip rp1_irq_chip did not update eff. affinity mask of irq 98
[    2.046741] macb 1f00100000.ethernet eth0: Cadence GEM rev 0x00070109 at 0x1f00100000 irq 104 (88:a2:9e:82:bb:4d)
[    2.057788] dw_axi_dmac_platform 1f00188000.dma: DesignWare AXI DMA Controller, 8 channels
[    2.066275] xhci-hcd xhci-hcd.0: xHCI Host Controller
[    2.071350] xhci-hcd xhci-hcd.0: new USB bus registered, assigned bus number 1
[    2.079038] xhci-hcd xhci-hcd.0: hcc params 0x0240fe6d hci version 0x110 quirks 0x0000008000000810
[    2.088045] xhci-hcd xhci-hcd.0: irq 129, io mem 0x1f00200000
[    2.093867] xhci-hcd xhci-hcd.0: xHCI Host Controller
[    2.098938] xhci-hcd xhci-hcd.0: new USB bus registered, assigned bus number 2
[    2.106189] xhci-hcd xhci-hcd.0: Host supports USB 3.0 SuperSpeed
[    2.112344] usb usb1: New USB device found, idVendor=1d6b, idProduct=0002, bcdDevice= 6.06
[    2.120642] usb usb1: New USB device strings: Mfr=3, Product=2, SerialNumber=1
[    2.127892] usb usb1: Product: xHCI Host Controller
[    2.132784] usb usb1: Manufacturer: Linux 6.6.63-v8-16k xhci-hcd
[    2.138813] usb usb1: SerialNumber: xhci-hcd.0
[    2.143365] hub 1-0:1.0: USB hub found
[    2.147136] hub 1-0:1.0: 2 ports detected
[    2.151249] usb usb2: New USB device found, idVendor=1d6b, idProduct=0003, bcdDevice= 6.06
[    2.159548] usb usb2: New USB device strings: Mfr=3, Product=2, SerialNumber=1
[    2.166802] usb usb2: Product: xHCI Host Controller
[    2.171694] usb usb2: Manufacturer: Linux 6.6.63-v8-16k xhci-hcd
[    2.177783] usb usb2: SerialNumber: xhci-hcd.0
[    2.182323] hub 2-0:1.0: USB hub found
[    2.186091] hub 2-0:1.0: 1 port detected
[    2.190221] xhci-hcd xhci-hcd.1: xHCI Host Controller
[    2.195396] xhci-hcd xhci-hcd.1: new USB bus registered, assigned bus number 3
[    2.203075] xhci-hcd xhci-hcd.1: hcc params 0x0240fe6d hci version 0x110 quirks 0x0000008000000810
[    2.212177] xhci-hcd xhci-hcd.1: irq 134, io mem 0x1f00300000
[    2.217997] xhci-hcd xhci-hcd.1: xHCI Host Controller
[    2.223069] xhci-hcd xhci-hcd.1: new USB bus registered, assigned bus number 4
[    2.230422] xhci-hcd xhci-hcd.1: Host supports USB 3.0 SuperSpeed
[    2.236560] usb usb3: New USB device found, idVendor=1d6b, idProduct=0002, bcdDevice= 6.06
[    2.244954] usb usb3: New USB device strings: Mfr=3, Product=2, SerialNumber=1
[    2.252206] usb usb3: Product: xHCI Host Controller
[    2.257098] usb usb3: Manufacturer: Linux 6.6.63-v8-16k xhci-hcd
[    2.263223] usb usb3: SerialNumber: xhci-hcd.1
[    2.267742] hub 3-0:1.0: USB hub found
[    2.271510] hub 3-0:1.0: 2 ports detected
[    2.275614] usb usb4: New USB device found, idVendor=1d6b, idProduct=0003, bcdDevice= 6.06
[    2.284011] usb usb4: New USB device strings: Mfr=3, Product=2, SerialNumber=1
[    2.291265] usb usb4: Product: xHCI Host Controller
[    2.296178] usb usb4: Manufacturer: Linux 6.6.63-v8-16k xhci-hcd
[    2.302312] usb usb4: SerialNumber: xhci-hcd.1
[    2.306879] hub 4-0:1.0: USB hub found
[    2.310654] hub 4-0:1.0: 1 port detected
[    2.315228] bcm2712-iommu 1000005100.iommu: bcm2712_iommu_init: DEBUG_INFO = 0x20804774
[    2.323819] platform 1000800000.codec: bcm2712_iommu_probe_device: MMU 1000005100.iommu
[    2.331858] platform 1000800000.codec: bcm2712_iommu_device_group: MMU 1000005100.iommu
[    2.340097] platform 1000800000.codec: Adding to iommu group 0
[    2.345956] platform 1000880000.pisp_be: bcm2712_iommu_probe_device: MMU 1000005100.iommu
[    2.354366] platform 1000880000.pisp_be: bcm2712_iommu_device_group: MMU 1000005100.iommu
[    2.362577] platform 1000880000.pisp_be: Adding to iommu group 0
[    2.368624] platform 1000800000.codec: bcm2712_iommu_attach_dev: MMU 1000005100.iommu
[    2.376671] platform 1000880000.pisp_be: bcm2712_iommu_attach_dev: MMU 1000005100.iommu
[    2.384729] bcm2712-iommu 1000005100.iommu: bcm2712_iommu_probe: Success
[    2.392027] bcm2712-iommu 1000005200.iommu: bcm2712_iommu_init: DEBUG_INFO = 0x20804774
[    2.400432] bcm2712-iommu 1000005200.iommu: bcm2712_iommu_probe: Success
[    2.407706] bcm2712-iommu 1000005280.iommu: bcm2712_iommu_init: DEBUG_INFO = 0x20804774
[    2.416108] bcm2712-iommu 1000005280.iommu: bcm2712_iommu_probe: Success
[    2.423363] sdhci-brcmstb 1000fff000.mmc: Got CD GPIO
[    2.423487] device-mapper: init: waiting for all devices to be available before creating mapped devices
[    2.428553] mmc0: CQHCI version 5.10
[    2.428700] mmc1: CQHCI version 5.10
[    2.480802] mmc0: SDHCI controller on 1000fff000.mmc [1000fff000.mmc] using ADMA 64-bit
[    2.602750] mmc0: new ultra high speed SDR104 SDXC card at address 0001
[    2.609549] mmcblk0: mmc0:0001 SD 58.2 GiB
[    2.616053] GPT:Primary header thinks Alt. header is not at the end of the disk.
[    2.623480] GPT:7004193 != 122138623
[    2.627063] GPT:Alternate GPT header not at the end of the disk.
[    2.633090] GPT:7004193 != 122138623
[    2.635304] mmc1: SDHCI controller on 1001100000.mmc [1001100000.mmc] using ADMA 64-bit
[    2.636670] GPT: Use GNU Parted to correct GPT errors.
[    2.636676]  mmcblk0: p1 p2 p3 p4 p5
[    2.653572] mmcblk0: mmc0:0001 SD 58.2 GiB
[    2.657695] device-mapper: init: waiting for device /dev/mmcblk0p4 ...
[    2.664260] device-mapper: init: all devices available
[    2.669493] device-mapper: verity: sha256 using implementation "sha256-generic"
[    2.677019] device-mapper: ioctl: dm-0 (vroot) is ready
[    2.682271] of_cfs_init
[    2.684738] of_cfs_init: OK
[    2.688008] clk: Disabling unused clocks
[    2.692081] ALSA device list:
[    2.695058]   No soundcards found.
[    2.698507] uart-pl011 107d001000.serial: no DMA platform data
[    2.712621] mmc1: new ultra high speed DDR50 SDIO card at address 0001
[    2.729384] EXT4-fs (dm-0): write access unavailable, skipping orphan cleanup
[    2.736576] EXT4-fs (dm-0): mounted filesystem aac804d4-df3a-4bab-8a00-7ce453fdde73 ro with ordered data mode. Quota mode: none.
[    2.748206] VFS: Mounted root (ext4 filesystem) readonly on device 254:0.
[    2.755477] devtmpfs: mounted
[    2.760863] Freeing unused kernel memory: 5376K
[    2.765453] Run /sbin/init as init process
[    3.047591] NET: Registered PF_INET6 protocol family
[    3.052853] Segment Routing with IPv6
[    3.056529] In-situ OAM (IOAM) with IPv6
[    3.087159] systemd[1]: systemd 255.21^ running in system mode (-PAM -AUDIT -SELINUX -APPARMOR +IMA -SMACK +SECCOMP -GCRYPT -GNUTLS -OPENSSL +ACL +BLKID -CURL -ELFUTILS -FIDO2 -IDN2 -IDN -IPTC +KMOD -LIBCRYPTSETUP +LIBFDISK -PCRE2 -PWQUALITY -P11KIT -QRENCODE -TPM2 -BZIP2 -LZ4 -XZ -ZLIB +ZSTD -BPF_FRAMEWORK +XKBCOMMON +UTMP +SYSVINIT default-hierarchy=unified)
[    3.119757] systemd[1]: Detected architecture arm64.

Welcome to [1mPoky (Yocto Project Reference Distro) 5.0.14 (scarthgap)[0m!

[    3.142872] systemd[1]: Hostname set to <raspberrypi5-uboot-tpm>.
[    3.153951] systemd[1]: Initializing machine ID from random generator.
[    3.160543] systemd[1]: Installed transient /etc/machine-id file.
[    3.340489] systemd[1]: Queued start job for default target Multi-User System.
[    3.373333] systemd[1]: Created slice Slice /system/modprobe.
[[0;32m  OK  [0m] Created slice [0;1;39mSlice /system/modprobe[0m.
[    3.393009] systemd[1]: Created slice Slice /system/systemd-fsck.
[[0;32m  OK  [0m] Created slice [0;1;39mSlice /system/systemd-fsck[0m.
[    3.412912] systemd[1]: Created slice User and Session Slice.
[[0;32m  OK  [0m] Created slice [0;1;39mUser and Session Slice[0m.
[    3.432862] systemd[1]: Started Dispatch Password Requests to Console Directory Watch.
[[0;32m  OK  [0m] Started [0;1;39mDispatch Password Requests to Console Directory Watch[0m.
[    3.456845] systemd[1]: Started Forward Password Requests to Wall Directory Watch.
[[0;32m  OK  [0m] Started [0;1;39mForward Password Requests to Wall Directory Watch[0m.
[    3.480800] systemd[1]: Expecting device /dev/disk/by-label/data...
         Expecting device [0;1;39m/dev/disk/by-label/data[0m...
[    3.500783] systemd[1]: Expecting device /sys/devices/platform/gpu/graphics/fb0...
         Expecting device [0;1;39m/sys/devices/platform/gpu/graphics/fb0[0m...
[    3.524789] systemd[1]: Reached target Login Prompts.
[[0;32m  OK  [0m] Reached target [0;1;39mLogin Prompts[0m.
[    3.544800] systemd[1]: Reached target Path Units.
[[0;32m  OK  [0m] Reached target [0;1;39mPath Units[0m.
[    3.564798] systemd[1]: Reached target Remote File Systems.
[[0;32m  OK  [0m] Reached target [0;1;39mRemote File Systems[0m.
[    3.584790] systemd[1]: Reached target Slice Units.
[[0;32m  OK  [0m] Reached target [0;1;39mSlice Units[0m.
[    3.604791] systemd[1]: Reached target Swaps.
[[0;32m  OK  [0m] Reached target [0;1;39mSwaps[0m.
[    3.642310] systemd[1]: Listening on RPCbind Server Activation Socket.
[[0;32m  OK  [0m] Listening on [0;1;39mRPCbind Server Activation Socket[0m.
[    3.664802] systemd[1]: Reached target RPC Port Mapper.
[[0;32m  OK  [0m] Reached target [0;1;39mRPC Port Mapper[0m.
[    3.685322] systemd[1]: Listening on Syslog Socket.
[[0;32m  OK  [0m] Listening on [0;1;39mSyslog Socket[0m.
[    3.704843] systemd[1]: Listening on initctl Compatibility Named Pipe.
[[0;32m  OK  [0m] Listening on [0;1;39minitctl Compatibility Named Pipe[0m.
[    3.728961] systemd[1]: Listening on Journal Audit Socket.
[[0;32m  OK  [0m] Listening on [0;1;39mJournal Audit Socket[0m.
[    3.748882] systemd[1]: Listening on Journal Socket (/dev/log).
[[0;32m  OK  [0m] Listening on [0;1;39mJournal Socket (/dev/log)[0m.
[    3.768880] systemd[1]: Listening on Journal Socket.
[[0;32m  OK  [0m] Listening on [0;1;39mJournal Socket[0m.
[    3.788931] systemd[1]: Listening on Network Service Netlink Socket.
[[0;32m  OK  [0m] Listening on [0;1;39mNetwork Service Netlink Socket[0m.
[    3.808900] systemd[1]: Listening on udev Control Socket.
[[0;32m  OK  [0m] Listening on [0;1;39mudev Control Socket[0m.
[    3.828854] systemd[1]: Listening on udev Kernel Socket.
[[0;32m  OK  [0m] Listening on [0;1;39mudev Kernel Socket[0m.
[    3.848868] systemd[1]: Listening on User Database Manager Socket.
[[0;32m  OK  [0m] Listening on [0;1;39mUser Database Manager Socket[0m.
[    3.868892] systemd[1]: Huge Pages File System was skipped because of an unmet condition check (ConditionPathExists=/sys/kernel/mm/hugepages).
[    3.904848] systemd[1]: Mounting POSIX Message Queue File System...
         Mounting [0;1;39mPOSIX Message Queue File System[0m...
[    3.925369] systemd[1]: Mounting Kernel Debug File System...
         Mounting [0;1;39mKernel[    3.931713] systemd[1]: Mounting Kernel Trace File System...
 Debug File System[0m...
         Mounting [0;1;39mKernel[    3.950664] systemd[1]: Mounting Temporary Directory /tmp...
 Trace File System[0m...
         Mounting [0;1;39mTempor[    3.969744] systemd[1]: Starting Create List of Static Device Nodes...
ary Directory /tmp[0m...
         Starting [0;1;39mCreate[    3.989641] systemd[1]: Starting Load Kernel Module configfs...
 List of Static Device Nodes[0m...
         Starting [0;1;39mLoad K[    4.009623] systemd[1]: Starting Load Kernel Module drm...
ernel Module configfs[0m...
         Starting [0;1;39mLoad K[    4.029683] systemd[1]: Starting Load Kernel Module fuse...
ernel Module drm[0m...
         Starting [0;1;39mLoad Kernel Module fuse[0m...
[    4.078390] systemd[1]: Starting RPC Bind...
         Starting [0;1;39mRPC Bind[0m..[    4.084163] systemd[1]: Starting Journal Service...
.
[    4.091502] fuse: init (API version 7.39)
         Starting [0;1;39mJournal Service[0m...
[    4.119343] systemd[1]: Load Kernel Modules was skipped because no trigger condition checks were met.
[    4.129409] systemd[1]: Starting Generate network units from Kernel command line...
         Starting [0;1;39mGenera[    4.137938] systemd[1]: Starting Remount Root and Kernel File Systems...
te network units from Ke[    4.142503] systemd-journald[141]: Collecting audit messages is enabled.
rnel command line[0m...
         Starting [0;1;39mRemoun[    4.165612] systemd[1]: Starting Apply Kernel Variables...
t Root and Kernel File Systems[0m...
         Starting [0;1;39mApply Kernel Variables[0m...
[    4.197763] systemd[1]: Starting Coldplug All udev Devices...
         Starting [0;1;39mColdpl[    4.204661] systemd[1]: Started RPC Bind.
ug All udev Devices[0m...
[    4.212887] EXT4-fs (dm-0): re-mounted aac804d4-df3a-4bab-8a00-7ce453fdde73 ro. Quota mode: none.
[[0;32m  OK  [0m] Started [0;1;39mRPC Bind[0m.
[    4.252828] systemd[1]: Started Journal Service.
[[0;32m  OK  [0m] Started [0;1;39mJournal Service[0m.
[[0;32m  OK  [0m] Mounted [0;1;39mPOSIX Message Queue File System[0m.
[[0;32m  OK  [0m] Mounted [0;1;39mKernel Debug File System[0m.
[[0;32m  OK  [0m] Mounted [0;1;39mKernel Trace File System[0m.
[[0;32m  OK  [0m] Mounted [0;1;39mTemporary Directory /tmp[0m.
[[0;32m  OK  [0m] Finished [0;1;39mCreate List of Static Device Nodes[0m.
[[0;32m  OK  [0m] Finished [0;1;39mLoad Kernel Module configfs[0m.
[[0;32m  OK  [0m] Finished [0;1;39mLoad Kernel Module drm[0m.
[[0;32m  OK  [0m] Finished [0;1;39mLoad Kernel Module fuse[0m.
[[0;32m  OK  [0m] Finished [0;1;39mGenerate network units from Kernel command line[0m.
[[0;32m  OK  [0m] Finished [0;1;39mRemount Root and Kernel File Systems[0m.
[[0;32m  OK  [0m] Finished [0;1;39mApply Kernel Variables[0m.
[[0;32m  OK  [0m] Finished [0;1;39mColdplug All udev Devices[0m.
[[0;32m  OK  [0m] Reached target [0;1;39mPreparation for Network[0m.
         Mounting [0;1;39mFUSE Control File System[0m...
         Mounting [0;1;39mKernel Configuration File System[0m...
         Starting [0;1;39mFlush Journal to Persistent Storage[0m...
         Starting [0;1;39mCreate Static Device Nodes in /dev gracefully[0m...[    4.558636] systemd-journald[141]: Received client request to flush runtime journal.

[[0;32m  OK  [0m] Mounted [0;1;39mFUSE Control File System[0m.
[[0;32m  OK  [0m] Mounted [0;1;39mKernel Configuration File System[0m.
[[0;32m  OK  [0m] Finished [0;1;39mFlush Journal to Persistent Storage[0m.
[[0;32m  OK  [0m] Finished [0;1;39mCreate Static Device Nodes in /dev gracefully[0m.
         Starting [0;1;39mCreate Static Device Nodes in /dev[0m...
[[0;32m  OK  [0m] Finished [0;1;39mCreate Static Device Nodes in /dev[0m.
[[0;32m  OK  [0m] Reached target [0;1;39mPreparation for Local File Systems[0m.
         Mounting [0;1;39m/var/volatile[0m...
[    4.757158] audit: type=1334 audit(1790429818.723:2): prog-id=6 op=LOAD
[    4.763816] audit: type=1334 audit(1790429818.727:3): prog-id=7 op=LOAD
         Starting [0;1;39mRule-based Manager for Device Events and Files[0m...
[[0;32m  OK  [0m] Mounted [0;1;39m/var/volatile[0m.
         Starting [0;1;39mBind mount volatile /var/cache[0m...
         Starting [0;1;39mBind mount volatile /var/lib[0m...
         Starting [0;1;39mBind mount volatile /var/spool[0m...
         Starting [0;1;39mBind mount volatile /srv[0m...
[[0;32m  OK  [0m] Finished [0;1;39mBind mount volatile /var/cache[0m.
[[0;32m  OK  [0m] Finished [0;1;39mBind mount volatile /var/lib[0m.
[[0;32m  OK  [0m] Finished [0;1;39mBind mount volatile /var/spool[0m.
[[0;32m  OK  [0m] Finished [0;1;39mBind mount volatile /srv[0m.
[[0;32m  OK  [0m] Reached target [0;1;39mLocal File Systems[0m.
         Starting [0;1;39mLoad/Save OS Random Seed[0m...
         Starting [0;1;39mCreate System Files and Directories[0m...
[    5.005403] audit: type=1334 audit(1790429818.971:4): prog-id=8 op=LOAD
[    5.012061] audit: type=1334 audit(1790429818.975:5): prog-id=9 op=LOAD
[    5.018707] audit: type=1334 audit(1790429818.983:6): prog-id=10 op=LOAD
         Starting [0;1;39mUser Database Manager[0m...
[[0;32m  OK  [0m] Finished [0;1;39mLoad/Save OS Random Seed[0m.
[[0;32m  OK  [0m] Started [0;1;39mUser Database Manager[0m.
[[0;32m  OK  [0m] Finished [0;1;39mCreate System Files and Directories[0m.
[    5.090329] audit: type=1334 audit(1790429819.055:7): prog-id=11 op=LOAD
         Starting [0;1;39mNetwork Name Resolution[0m...
[    5.121402] audit: type=1334 audit(1790429819.087:8): prog-id=12 op=LOAD
         Starting [0;1;39mNetwork Time Synchronization[0m...
         Starting [0;1;39mRecord System Boot/Shutdown in UTMP[0m...
[[0;32m  OK  [0m] Started [0;1;39mRule-based Manager for Device Events and Files[0m.
[[0;32m  OK  [0m] Finished [0;1;39mRecord System Boot/Shutdown in UTMP[0m.
[[0;32m  OK  [0m] Started [0;1;39mNetwork Time Synchronization[0m.
[[0;32m  OK  [0m] Started [0;1;39mNetwork Name Resolution[0m.
[    5.249988] rpi-gpiomem 107d508500.gpiomem: window base 0x107d508500 size 0x00000040
[[0;32m  OK  [0m] Reached targe[    5.257994] rpi-gpiomem 107d508500.gpiomem: initialised 1 regions as /dev/gpiomem1
t [0;1;39mHost and Netw[    5.268389] rp1-firmware rp1_firmware: RP1 Firmware version 658de8ab25a7ec62b6393624a22a35c39a7c3382
ork Name Lookups[0m.
[    5.279862] tpm_tis_spi spi0.1: 2.0 TPM (device-id 0x1D, rev-id 54)
[    5.279963] rpi-gpiomem 107d517c00.gpiomem: window base 0x107d517c00 size 0x00000040
[    5.295883] rpi-gpiomem 107d517c00.gpiomem: initialised 1 regions as /dev/gpiomem2
[    5.303531] rpi-gpiomem 107d504100.gpiomem: window base 0x107d504100 size 0x00000020
[    5.311419] rpi-gpiomem 107d504100.gpiomem: initialised 1 regions as /dev/gpiomem3
[    5.319117] rpi-gpiomem 107d510700.gpiomem: window base 0x107d510700 size 0x00000020
[    5.326960] rpi-gpiomem 107d510700.gpiomem: initialised 1 regions as /dev/gpiomem4
[[0;32m  OK  [0m] Reached targe[    5.334706] rpi-gpiomem 1f000d0000.gpiomem: window base 0x1f000d0000 size 0x00030000
t [0;1;39mSystem Initia[    5.345433] rpi-gpiomem 1f000d0000.gpiomem: initialised 1 regions as /dev/gpiomem0
lization[0m.
[[0;32m  OK  [0m] Started [0;1;39mDaily Cleanup of Temporary Directories[0m.
[[0;32m  OK  [0m] Reached targe[    5.386184] rp1-pio 1f00178000.pio: Created instance as pio0
t [0;1;39mSystem Time Set[0m.
[    5.409070] mc: Linux media interface: v0.10
[[0;32m  OK  [0m] Reached target [0;1;39mTimer Units[0m.
[[0;32m  OK  [0m] Listening on [0;1;39mAvahi mDNS/DNS-SD Stack Activation Socket[0m.
[[0;32m  OK  [0m] Listening on [0;1;39mD-Bus System Message Bus Socket[0m.
[    5.457802] videodev: Linux video capture interface: v2.00
[    5.501769] input: pwr_button as /devices/platform/pwr_button/input/input0
[    5.516461] pispbe 1000880000.pisp_be: bcm2712_iommu_of_xlate: MMU 1000005100.iommu
[    5.524464] rpivid_hevc: module is from the staging directory, the quality is unknown, you have been warned.
[    5.529712] pispbe 1000880000.pisp_be: Runtime PM usage count underflow!
[    5.541334] rpivid 1000800000.codec: bcm2712_iommu_of_xlate: MMU 1000005100.iommu
[[0;32m  OK  [0m] Listening on [    5.553815] rpivid 1000800000.codec: Device registered as /dev/video19
[0;1;39mdropbear.socket[0m.
[    5.565681] cfg80211: Loading compiled-in X.509 certificates for regulatory database
[[0;32m  OK  [0m] Reached target [0;1;39mSocke[    5.576454] Loaded X.509 cert 'benh@debian.org: 577e021cb980e0e820821ba7b54b4961b8b4fadf'
t Units[0m.
[    5.586511] Loaded X.509 cert 'romain.perier@gmail.com: 3abbc6ec146e09d1b6016ab9d6cf71dd233f0328'
[[0;32m  OK  [0m] Reached targe[    5.597413] Loaded X.509 cert 'sforshee: 00b28ddf47aef9cea7'
t [0;1;39mBasic System[    5.605965] Loaded X.509 cert 'wens: 61c038651aabdcf94bd0ac7ff06c7248db18c600'
[0m.
[    5.616475] Bluetooth: Core ver 2.22
[    5.620101] NET: Registered PF_BLUETOOTH protocol family
[    5.625437] Bluetooth: HCI device and connection manager initialized
[    5.631836] Bluetooth: HCI socket layer initialized
[    5.636765] Bluetooth: L2CAP socket layer initialized
[    5.641854] Bluetooth: SCO socket layer initialized
[    5.642837] brcmfmac: brcmf_fw_alloc_request: using brcm/brcmfmac43455-sdio for chip BCM4345/6
[    5.655708] usbcore: registered new interface driver brcmfmac
[    5.665061] Bluetooth: HCI UART driver ver 2.3
[    5.669541] Bluetooth: HCI UART protocol H4 registered
[    5.674745] Bluetooth: HCI UART protocol Three-wire (H5) registered
[    5.681161] hci_uart_bcm serial0-0: supply vbat not found, using dummy regulator
[    5.682160] Bluetooth: HCI UART protocol Broadcom registered
[    5.688647] hci_uart_bcm serial0-0: supply vddio not found, using dummy regulator
         Starting [0;1;39mAvahi mDNS/DNS-SD Stack[0m...
[[0;32m  OK  [0m] Started [0;1;39mKernel Logging Service[0m.
[[0;32m  OK  [0m] Started [0;1;39mSystem Logging Service[0m.
         Starting [0;1;39mD-Bus System Message Bus[0m...
         Starting [0;1;39mTelephony service[0m...
[    5.786112] audit: type=1334 audit(1790429819.751:9): prog-id=13 op=LOAD
[    5.792860] audit: type=1334 audit(1790429819.759:10): prog-id=14 op=LOAD
[    5.799681] audit: type=1334 audit(1790429819.763:11): prog-id=15 op=LOAD
         Starting [0;1;39mUser L[    5.807377] audit: type=1334 audit(1790429819.771:12): prog-id=16 op=LOAD
ogin Management[0m...
         Starting [0;1;39mNetwork Configuration[0m...
[[0;32m  OK  [0m] Found device [0;1;39m/dev/disk/by-label/data[0m.
[[0;32m  OK  [0m] Started [0;1;39mD-Bus System Message Bus[0m.
[[0;32m  OK  [0m] Started [0;1;39mUser Login Management[0m.
[[0;32m  OK  [0m] Started [0;1;39mTelephony service[0m.
[[0;32m  OK  [0m] Started [0;1;39mAvahi mDNS/DNS-SD Stack[0m.[    5.951738] brcmfmac: brcmf_c_process_txcap_blob: no txcap_blob available (err=-2)

[    5.961725] brcmfmac: brcmf_c_preinit_dcmds: Firmware: BCM4345/6 wl0: Aug 29 2023 01:47:08 version 7.45.265 (28bca26 CY) FWID 01-b677b91b
[    5.982670] spi_gpio: probe of spi-gpio failed with error -16
         Starting [0;1;39mFile System Check on /dev/disk/by-label/data[0m...
[[0;32m  OK  [0m] Started [0;1;39mNetwork Configuration[0m.
[    6.049660] macb 1f00100000.ethernet eth0: PHY [1f00100000.ethernet-ffffffff:01] driver [Broadcom BCM54213PE] (irq=POLL)
[[0;32m  OK  [0m] Reached target [0;1;[    6.061662] macb 1f00100000.ethernet eth0: configuring for phy/rgmii-id link mode
39mMulti-User System[0m.
[[0;32m  OK[    6.073215] Bluetooth: hci0: BCM: chip id 107
  [0m] Reached target [    6.075187] pps pps0: new PPS source ptp0
[0;1;39mNetwork[0m.
[[    6.079923] Bluetooth: hci0: BCM: features 0x2f
[0;32m  OK  [0m] Liste[    6.086399] macb 1f00100000.ethernet: gem-ptp-timer ptp clock registered.
ning on [0;1;39mLoad/Sa[    6.093416] Bluetooth: hci0: BCM4345C0
ve RF Kill Switch Status[    6.107179] Bluetooth: hci0: BCM4345C0 (003.001.025) build 0000
 /dev/rfkill Watch[0m.
         Starting [0;1;[    6.116752] Bluetooth: hci0: BCM4345C0 'brcm/BCM4345C0.hcd' Patch
39mRecord Runlevel Change in UTMP[0m...
         Starting [0;1;39mVirtual Console Setup[0m...
[[0;32m  OK  [0m] Finished [0;1;39mFile System Check on /dev/disk/by-label/data[0m.
[[0;32m  OK  [0m] Created slice [0;1;39mSlice /system/bthelper[0m.
         Mounting [0;1;39m/data[0m...
         Starting [0;1;39mRaspberry Pi bluetooth helper[0m...
         Starting [0;1;39mLoad/Save RF Kill Switch Status[0m...
[[0;32m  OK  [0m] Finished [0;1;39mRecord Runlevel Change in UTMP[0m.
[[0;32m  OK  [0m] Started [0;1;39mLoad/Save RF Kill Switch Status[0m.
[[0;32m  OK  [0m] Finished [0;1;39mVirtual Console Setup[0m.
[    6.247556] EXT4-fs (mmcblk0p5): mounted filesystem 3924175a-14b0-4a0f-bd47-0e87a1c1c592 r/w with ordered data mode. Quota mode: none.
[[0;32m  OK  [0m] Mounted [0;1;39m/data[0m.
[    6.821374] Bluetooth: hci0: BCM: features 0x2f
[    6.827237] Bluetooth: hci0: BCM43455 37.4MHz Raspberry Pi 3+-0190
[    6.833446] Bluetooth: hci0: BCM4345C0 (003.001.025) build 0382
[    6.839665] Bluetooth: hci0: BCM: Using default device address (43:45:c0:00:1f:ac)
[[0;32m  OK  [0m] Finished [0;1;39mRaspberry Pi bluetooth helper[0m.
         Starting [0;1;39mBluetooth service[0m...
[[0;32m  OK  [0m] Started [0;1;39mBluetooth service[0m.
[    6.959367] Bluetooth: BNEP (Ethernet Emulation) ver 1.3
[    6.964713] Bluetooth: BNEP filters: protocol multicast
[    6.969964] Bluetooth: BNEP socket layer initialized
[    6.978832] Bluetooth: MGMT ver 1.22
[    6.985520] NET: Registered PF_ALG protocol family
[    7.001407] Bluetooth: RFCOMM TTY layer initialized
[    7.006319] Bluetooth: RFCOMM socket layer initialized
[    7.011503] Bluetooth: RFCOMM ver 1.11
[[0;32m  OK  [0m] Reached target [0;1;39mBluetooth Support[0m.
[    7.030098] audit: type=1334 audit(1790429820.995:13): prog-id=17 op=LOAD
[    7.036940] audit: type=1334 audit(1790429820.995:14): prog-id=18 op=LOAD
[    7.043761] audit: type=1334 audit(1790429820.995:15): prog-id=19 op=LOAD
         Starting [0;1;39mHostname Service[0m...
[[0;32m  OK  [0m] Started [0;1;39mHostname Service[0m.
[    9.173801] macb 1f00100000.ethernet eth0: Link is Up - 1Gbps/Full - flow control tx
[[0m[0;31m*     [0m] A start job is running for /sys/dev…m/gpu/graphics/fb0 (5s / 1min 30s)
M[K[[0;1;31m*[0m[0;31m*    [0m] A start job is running for /sys/dev…m/gpu/graphics/fb0 (6s / 1min 30s)
M[K[[0;31m*[0;1;31m*[0m[0;31m*   [0m] A start job is running for /sys/dev…m/gpu/graphics/fb0 (6s / 1min 30s)
M[K[ [0;31m*[0;1;31m*[0m[0;31m*  [0m] A start job is running for /sys/dev…m/gpu/graphics/fb0 (7s / 1min 30s)
M[K[  [0;31m*[0;1;31m*[0m[0;31m* [0m] A start job is running for /sys/dev…m/gpu/graphics/fb0 (7s / 1min 30s)
M[K[   [0;31m*[0;1;31m*[0m[0;31m*[0m] A start job is running for /sys/dev…m/gpu/graphics/fb0 (8s / 1min 30s)
M[K[[0;32m  OK  [0m] Created slice [0;1;39mSlice /system/dropbear[0m.
[K[[0;32m  OK  [0m] Started [0;1;39mSSH Per-Connection Server (192.168.10.224:47134)[0m.
[[0;32m  OK  [0m] Started [0;1;39mSSH Per-Connection Server (192.168.10.224:56858)[0m.
[    [0;31m*[0;1;31m*[0m] A start job is running for /sys/dev…/gpu/graphics/fb0 (11s / 1min 30s)
M[K[     [0;31m*[0m] A start job is running for /sys/dev…/gpu/graphics/fb0 (12s / 1min 30s)
M[K[    [0;31m*[0;1;31m*[0m] A start job is running for /sys/dev…/gpu/graphics/fb0 (12s / 1min 30s)
M[K[   [0;31m*[0;1;31m*[0m[0;31m*[0m] A start job is running for /sys/dev…/gpu/graphics/fb0 (13s / 1min 30s)
M[K[  [0;31m*[0;1;31m*[0m[0;31m* [0m] A start job is running for /sys/dev…/gpu/graphics/fb0 (14s / 1min 30s)
M[K[ [0;31m*[0;1;31m*[0m[0;31m*  [0m] A start job is running for /sys/dev…/gpu/graphics/fb0 (14s / 1min 30s)
M[K[[0;31m*[0;1;31m*[0m[0;31m*   [0m] A start job is running for /sys/dev…/gpu/graphics/fb0 (15s / 1min 30s)
M[K[[0;1;31m*[0m[0;31m*    [0m] A start job is running for /sys/dev…/gpu/graphics/fb0 (15s / 1min 30s)
M[K[[0m[0;31m*     [0m] A start job is running for /sys/dev…/gpu/graphics/fb0 (16s / 1min 30s)
M[K[[0;1;31m*[0m[0;31m*    [0m] A start job is running for /sys/dev…/gpu/graphics/fb0 (17s / 1min 30s)
M[K[[0;31m*[0;1;31m*[0m[0;31m*   [0m] A start job is running for /sys/dev…/gpu/graphics/fb0 (17s / 1min 30s)
M[K[ [0;31m*[0;1;31m*[0m[0;31m*  [0m] A start job is running for /sys/dev…/gpu/graphics/fb0 (18s / 1min 30s)
M[K[  [0;31m*[0;1;31m*[0m[0;31m* [0m] A start job is running for /sys/dev…/gpu/graphics/fb0 (18s / 1min 30s)
M[K[   [0;31m*[0;1;31m*[0m[0;31m*[0m] A start job is running for /sys/dev…/gpu/graphics/fb0 (19s / 1min 30s)
M[K[    [0;31m*[0;1;31m*[0m] A start job is running for /sys/dev…/gpu/graphics/fb0 (19s / 1min 30s)
M[K[     [0;31m*[0m] A start job is running for /sys/dev…/gpu/graphics/fb0 (20s / 1min 30s)
M[K[    [0;31m*[0;1;31m*[0m] A start job is running for /sys/dev…/gpu/graphics/fb0 (21s / 1min 30s)
M[K[   [0;31m*[0;1;31m*[0m[0;31m*[0m] A start job is running for /sys/dev…/gpu/graphics/fb0 (21s / 1min 30s)
M[K[  [0;31m*[0;1;31m*[0m[0;31m* [0m] A start job is running for /sys/dev…/gpu/graphics/fb0 (22s / 1min 30s)
M[K[ [0;31m*[0;1;31m*[0m[0;31m*  [0m] A start job is running for /sys/dev…/gpu/graphics/fb0 (22s / 1min 30s)
M[K[[0;31m*[0;1;31m*[0m[0;31m*   [0m] A start job is running for /sys/dev…/gpu/graphics/fb0 (23s / 1min 30s)
M[K[[0;1;31m*[0m[0;31m*    [0m] A start job is running for /sys/dev…/gpu/graphics/fb0 (23s / 1min 30s)
M[K[[0m[0;31m*     [0m] A start job is running for /sys/dev…/gpu/graphics/fb0 (24s / 1min 30s)
M[K[[0;1;31m*[0m[0;31m*    [0m] A start job is running for /sys/dev…/gpu/graphics/fb0 (24s / 1min 30s)
M[K[[0;31m*[0;1;31m*[0m[0;31m*   [0m] A start job is running for /sys/dev…/gpu/graphics/fb0 (25s / 1min 30s)
M[K[ [0;31m*[0;1;31m*[0m[0;31m*  [0m] A start job is running for /sys/dev…/gpu/graphics/fb0 (25s / 1min 30s)
M[K[  [0;31m*[0;1;31m*[0m[0;31m* [0m] A start job is running for /sys/dev…/gpu/graphics/fb0 (26s / 1min 30s)
M[K[   [0;31m*[0;1;31m*[0m[0;31m*[0m] A start job is running for /sys/dev…/gpu/graphics/fb0 (26s / 1min 30s)
M[K[    [0;31m*[0;1;31m*[0m] A start job is running for /sys/dev…/gpu/graphics/fb0 (27s / 1min 30s)
M[K[     [0;31m*[0m] A start job is running for /sys/dev…/gpu/graphics/fb0 (27s / 1min 30s)
M[K[    [0;31m*[0;1;31m*[0m] A start job is running for /sys/dev…/gpu/graphics/fb0 (28s / 1min 30s)
M[K[   [0;31m*[0;1;31m*[0m[0;31m*[0m] A start job is running for /sys/dev…/gpu/graphics/fb0 (28s / 1min 30s)
M[K[  [0;31m*[0;1;31m*[0m[0;31m* [0m] A start job is running for /sys/dev…/gpu/graphics/fb0 (29s / 1min 30s)
M[K[ [0;31m*[0;1;31m*[0m[0;31m*  [0m] A start job is running for /sys/dev…/gpu/graphics/fb0 (29s / 1min 30s)
M[K[[0;31m*[0;1;31m*[0m[0;31m*   [0m] A start job is running for /sys/dev…/gpu/graphics/fb0 (30s / 1min 30s)
M[K[[0;1;31m*[0m[0;31m*    [0m] A start job is running for /sys/dev…/gpu/graphics/fb0 (30s / 1min 30s)
M[K[[0m[0;31m*     [0m] A start job is running for /sys/dev…/gpu/graphics/fb0 (31s / 1min 30s)
M[K[[0;1;31m*[0m[0;31m*    [0m] A start job is running for /sys/dev…/gpu/graphics/fb0 (31s / 1min 30s)
M[K[[0;31m*[0;1;31m*[0m[0;31m*   [0m] A start job is running for /sys/dev…/gpu/graphics/fb0 (32s / 1min 30s)
M[K[ [0;31m*[0;1;31m*[0m[0;31m*  [0m] A start job is running for /sys/dev…/gpu/graphics/fb0 (32s / 1min 30s)
M[K[  [0;31m*[0;1;31m*[0m[0;31m* [0m] A start job is running for /sys/dev…/gpu/graphics/fb0 (33s / 1min 30s)
M[K[   [0;31m*[0;1;31m*[0m[0;31m*[0m] A start job is running for /sys/dev…/gpu/graphics/fb0 (33s / 1min 30s)
M[K[    [0;31m*[0;1;31m*[0m] A start job is running for /sys/dev…/gpu/graphics/fb0 (34s / 1min 30s)
M[K[     [0;31m*[0m] A start job is running for /sys/dev…/gpu/graphics/fb0 (34s / 1min 30s)
M[K[    [0;31m*[0;1;31m*[0m] A start job is running for /sys/dev…/gpu/graphics/fb0 (35s / 1min 30s)
M[K[   [0;31m*[0;1;31m*[0m[0;31m*[0m] A start job is running for /sys/dev…/gpu/graphics/fb0 (35s / 1min 30s)
[   39.368815] audit: type=1334 audit(1790429853.335:16): prog-id=19 op=UNLOAD
[   39.375816] audit: type=1334 audit(1790429853.335:17): prog-id=18 op=UNLOAD
[   39.382811] audit: type=1334 audit(1790429853.335:18): prog-id=17 op=UNLOAD
M[K[  [0;31m*[0;1;31m*[0m[0;31m* [0m] A start job is running for /sys/dev…/gpu/graphics/fb0 (36s / 1min 30s)
M[K[ [0;31m*[0;1;31m*[0m[0;31m*  [0m] A start job is running for /sys/dev…/gpu/graphics/fb0 (36s / 1min 30s)
